DateTime,Latitude,Longitude,Depth,Magnitude,MagType,NbStations,Gap,Distance,RMS,Source,EventID
1991/01/09 22:09:04.80,35.9055,-120.449,5.759,3.13,Md,50,59,3,0.05,NCSN,204449
1991/01/14 09:07:32.17,36.184,-120.36083,12.234,3.58,Md,14,279,12,0.11,NCSN,204711
1991/01/21 02:47:27.01,35.78083,-120.331,8.018,2.93,Md,53,42,6,0.03,NCSN,205072
1991/01/21 16:28:43.95,36.236,-120.7945,8.176,2.91,Md,65,82,2,0.07,NCSN,205090
1991/02/04 02:07:21.03,35.78083,-120.331,8.088,2.8,Md,49,42,6,0.03,NCSN,205831
1991/02/24 02:39:36.48,36.21017,-120.32883,9.967,3.1,ML,41,56,5,0.06,NCSN,207162
1991/02/27 00:16:20.41,35.802,-119.97784,4.462,3.09,Md,46,138,7,0.24,NCSN,207321
1991/03/03 17:40:16.22,36.3415,-120.906,9.272,3.26,Md,57,83,4,0.07,NCSN,207504
1991/03/26 05:42:15.33,36.08183,-120.19033,12.86,2.72,Md,49,80,8,0.09,NCSN,208848
1991/03/26 08:31:25.72,36.07967,-120.18684,12.72,2.66,Md,46,80,7,0.12,NCSN,220507
1991/03/26 09:46:41.64,36.07433,-120.1845,11.94,2.54,Md,34,77,7,0.1,NCSN,208919
1991/04/09 14:00:22.97,35.85433,-120.39616,4.488,2.96,Md,49,40,3,0.04,NCSN,210184
1991/05/10 12:39:30.33,36.1985,-120.76,7.66,3.06,Md,52,134,4,0.06,NCSN,212245
1991/05/12 09:42:46.28,36.15467,-120.23133,10.837,2.82,Md,44,82,15,0.09,NCSN,212389
1991/05/16 12:46:09.01,36.289,-119.8565,17.885,2.55,Md,46,137,21,0.37,NCSN,213195
1991/05/22 01:18:58.14,36.4355,-120.60733,12.416,3,ML,94,51,20,0.17,NCSN,214367
1991/06/06 22:00:37.39,36.781,-120.884,1.325,2.56,Md,55,104,9,0.06,NCSN,218710
1991/06/17 07:32:11.75,36.17233,-120.72884,8.87,2.85,Md,61,63,7,0.07,NCSN,220368
1991/06/29 23:26:16.56,36.78167,-120.27467,11.754,2.57,Md,21,127,48,0.67,NCSN,223119
1991/07/06 18:51:10.59,36.28933,-120.84967,10.002,2.63,Md,58,58,8,0.05,NCSN,223762
1991/08/06 01:03:54.97,36.0595,-120.61134,5.672,3,Md,59,48,2,0.07,NCSN,226161
1991/08/30 09:30:19.91,36.15667,-120.207,5.307,2.62,Md,38,117,15,0.13,NCSN,229187
1991/08/30 09:40:50.75,36.1595,-120.21967,8.057,2.56,Md,40,87,15,0.11,NCSN,229188
1991/09/15 17:34:35.65,36.16833,-120.26417,10.407,4,ML,31,69,11,0.05,NCSN,231587
1991/09/22 09:51:09.27,36.2545,-120.40134,7.838,2.5,Md,45,51,5,0.1,NCSN,232078
1991/10/03 06:36:46.50,36.16133,-120.12133,8.197,3.12,Md,37,136,10,0.06,NCSN,233082
1991/10/10 18:51:12.60,36.198,-120.3065,9.793,2.53,Md,43,57,7,0.1,NCSN,234179
1991/10/11 02:56:29.96,36.19383,-120.30367,9.483,2.65,Md,47,58,7,0.07,NCSN,234194
1991/10/17 07:40:03.76,36.38133,-120.56067,18.563,2.84,Md,53,103,15,0.11,NCSN,234523
1991/10/18 09:59:05.58,35.92083,-120.46967,4.733,2.9,Md,54,47,2,0.08,NCSN,234575
1991/10/20 01:13:05.07,36.06317,-120.1305,4.031,2.95,Md,53,86,2,0.1,NCSN,234672
1991/10/27 06:10:06.88,36.02017,-120.58083,4.638,2.53,Md,54,42,5,0.08,NCSN,235462
1991/11/01 19:09:36.46,36.0215,-120.5785,4.478,2.6,Md,49,64,5,0.07,NCSN,236351
1991/11/02 06:35:17.19,35.99967,-120.559,4.178,2.73,Md,48,45,5,0.06,NCSN,236388
1991/11/08 03:00:48.43,36.07917,-120.635,4.852,3.2,ML,60,39,4,0.08,NCSN,236784
1991/11/08 03:01:25.21,36.07883,-120.63316,4.102,2.96,Md,28,51,4,0.04,NCSN,236853
1991/11/13 21:20:01.45,36.489,-120.309,8.638,2.51,Md,55,98,11,0.22,NCSN,237261
1991/11/20 09:55:08.36,36.178,-120.28167,10.903,3.5,ML,56,63,10,0.07,NCSN,237894
1991/11/20 10:06:45.01,36.17633,-120.2785,10.733,3.11,Md,52,65,10,0.07,NCSN,237896
1991/11/20 10:09:16.89,36.1725,-120.2755,10.673,3.01,Md,39,66,10,0.05,NCSN,238026
1991/11/20 10:12:26.17,36.1755,-120.2785,10.893,3.5,ML,54,64,10,0.05,NCSN,237899
1991/11/27 01:33:13.62,36.24467,-120.324,8.808,2.59,Md,56,63,2,0.06,NCSN,238342
1991/12/09 01:02:36.07,35.7635,-120.6275,9.816,3.2,ML,60,45,12,0.05,NCSN,239953
1991/12/17 03:56:17.15,36.08017,-120.64,2.222,2.57,Md,43,49,4,0.05,NCSN,240805
1991/12/18 14:42:19.63,35.96667,-120.51633,10.44,2.57,Md,45,46,2,0.05,NCSN,241159
1992/01/14 19:35:40.88,36.1335,-120.09734,6.251,2.63,Md,50,145,8,0.13,NCSN,244001
1992/01/15 04:58:50.36,36.3015,-120.45417,12.388,3.79,Md,53,84,8,0.1,NCSN,244502
1992/02/24 17:24:01.65,35.79683,-120.34917,9.689,2.81,Md,41,35,6,0.04,NCSN,252030
1992/02/25 23:47:41.74,36.17033,-120.315,5.85,2.76,Md,49,56,9,0.12,NCSN,252578
1992/02/28 02:59:49.41,36.22467,-120.79333,8.396,3.14,Md,57,65,1,0.06,NCSN,253413
1992/02/28 03:29:20.40,36.22933,-120.79117,6.62,3.83,Md,38,66,2,0.07,NCSN,253875
1992/02/28 03:31:18.94,36.2305,-120.7985,5.876,2.97,Md,45,66,2,0.24,NCSN,253877
1992/03/12 03:56:55.11,36.3845,-120.68383,9.831,2.62,Md,48,95,12,0.11,NCSN,1193407
1992/03/18 06:31:11.49,36.17433,-120.31084,7.867,2.73,Md,44,57,9,0.1,NCSN,257899
1992/03/18 06:55:45.36,36.16967,-120.31583,5.737,2.72,Md,41,55,19,0.09,NCSN,257908
1992/03/18 06:56:09.19,36.17567,-120.3175,8.217,3.22,Md,35,56,8,0.16,NCSN,257953
1992/04/07 19:10:33.89,36.2525,-120.8115,6.146,3.41,Md,64,67,4,0.07,NCSN,262216
1992/04/16 23:59:03.25,36.09683,-120.10917,9.047,2.64,Md,40,145,4,0.12,NCSN,265166
1992/04/22 16:52:54.84,36.167,-120.23583,10.867,3.69,Md,50,79,13,0.06,NCSN,266208
1992/04/29 01:17:04.16,36.4545,-120.3765,8.734,3.47,Md,51,157,13,0.12,NCSN,269935
1992/04/29 01:24:07.16,36.45733,-120.37383,8.044,3.22,Md,55,145,13,0.12,NCSN,269509
1992/05/06 01:34:40.65,36.3695,-120.74333,10.912,3.03,Md,61,120,7,0.19,NCSN,1194989
1992/05/16 12:45:31.40,36.24233,-120.80267,6.006,3,Md,60,67,3,0.07,NCSN,277097
1992/05/29 17:03:01.79,35.82967,-120.37767,6.801,3.26,Md,50,28,2,0.03,NCSN,282492
1992/05/30 08:19:48.68,36.22217,-120.32933,9.898,2.66,Md,44,58,3,0.06,NCSN,282850
1992/06/09 05:32:10.38,36.2865,-120.04483,16.004,2.92,Md,64,154,5,0.19,NCSN,290962
1992/06/15 22:55:49.65,36.0525,-120.20817,13.495,3.28,Md,52,56,9,0.12,NCSN,297250
1992/07/19 05:14:36.70,36.18783,-119.74633,19.906,2.56,Md,10,179,36,0.15,NCSN,304602
1992/07/23 18:36:18.92,36.6075,-120.834,1.462,2.71,Md,55,95,7,0.08,NCSN,304971
1992/09/10 16:36:00.87,36.062,-120.2165,14.35,2.92,Md,37,66,10,0.06,NCSN,30000579
1992/09/16 05:25:13.51,35.88267,-120.427,5.83,2.8,Md,49,45,5,0.04,NCSN,315899
1992/09/16 06:14:33.68,35.99667,-119.94033,10.352,4.38,Md,44,190,17,0.12,NCSN,315902
1992/09/16 06:37:42.15,35.98533,-119.93684,7.252,3.09,Md,30,190,14,0.07,NCSN,315903
1992/09/27 16:59:14.16,36.003,-119.94334,13.998,4.2,Md,94,44,16,0.15,NCSN,317985
1992/10/04 18:16:57.35,35.92783,-120.47317,9.269,3.07,Md,53,42,4,0.05,NCSN,318901
1992/10/05 18:59:32.22,35.92817,-120.47483,9.159,2.7,Md,52,42,4,0.05,NCSN,318977
1992/10/07 13:04:28.33,35.97367,-120.52783,4.648,2.75,Md,49,44,3,0.06,NCSN,319103
1992/10/20 05:28:08.92,35.92833,-120.474,9.443,4.36,Md,60,30,2,0.06,NCSN,320382
1992/10/20 05:48:04.08,35.92983,-120.47533,9.693,2.93,Md,51,44,2,0.06,NCSN,320384
1992/10/26 06:55:14.52,35.94817,-120.493,9.803,3.19,Md,51,48,1,0.05,NCSN,320981
1992/10/26 07:27:40.48,35.94617,-120.4905,9.883,3.65,Md,57,32,1,0.05,NCSN,320983
1992/11/07 18:04:29.93,35.78533,-119.93034,11.972,2.71,Md,41,177,19,0.18,NCSN,323219
1992/11/16 03:28:37.06,36.02733,-120.5855,4.485,2.76,Md,50,54,5,0.07,NCSN,324795
1992/11/29 19:40:34.12,36.27883,-120.33434,10.018,2.82,Md,43,108,3,0.07,NCSN,327335
1992/12/05 02:52:57.06,36.46217,-120.18767,17.264,3.77,Md,52,90,4,0.14,NCSN,327883
1992/12/06 09:34:39.21,36.459,-120.18867,16.364,2.58,Md,27,138,4,0.07,NCSN,327966
1992/12/25 03:35:06.81,35.93867,-120.48483,9.879,3.36,Md,57,47,2,0.06,NCSN,330031
1992/12/31 12:51:54.70,36.34483,-120.91734,4.072,2.73,Md,51,53,3,0.07,NCSN,330536
1993/01/05 00:41:00.22,35.99,-120.12033,12.058,2.98,Md,41,127,8,0.08,NCSN,330782
1993/01/13 15:14:20.92,36.4105,-120.4205,6.264,2.71,Md,36,118,9,0.17,NCSN,331987
1993/01/14 03:41:05.56,35.8175,-120.36617,8.108,2.6,Md,36,48,8,0.03,NCSN,332078
1993/02/14 20:45:54.32,36.2275,-120.435,6.275,3.3,Md,38,82,9,0.09,NCSN,337117
1993/02/15 17:10:59.99,35.975,-120.52317,10.458,2.84,Md,49,33,3,0.04,NCSN,337175
1993/02/17 11:53:17.60,36.31367,-120.85484,7.392,2.88,Md,58,50,7,0.07,NCSN,337523
1993/02/17 18:07:36.10,35.5215,-120.07133,11.647,2.87,Md,34,139,6,0.07,NCSN,337545
1993/03/14 07:13:58.78,35.943,-120.489,10.539,3.4,Md,54,42,2,0.05,NCSN,340175
1993/03/27 04:10:36.75,36.252,-120.45834,2.936,2.55,Md,30,73,10,0.06,NCSN,341470
1993/04/04 05:21:25.28,35.94167,-120.493,6.893,4.25,Md,55,32,2,0.07,NCSN,342924
1993/04/08 02:10:32.87,35.962,-120.51033,7.703,3.22,Md,55,47,1,0.04,NCSN,344155
1993/04/12 22:44:33.10,35.96567,-120.51633,7.088,2.7,Md,48,46,2,0.04,NCSN,344783
1993/04/30 16:35:30.22,36.21167,-119.8215,20.134,2.59,Md,37,63,24,0.23,NCSN,346720
1993/05/02 09:28:43.18,35.95467,-120.50367,9.158,3.4,Md,57,32,0,0.05,NCSN,346793
1993/05/13 20:27:27.01,36.165,-120.25233,9.468,2.94,Md,36,199,27,0.18,NCSN,349160
1993/05/14 12:47:58.30,36.13217,-120.6845,5.137,2.78,Md,30,67,4,0.05,NCSN,349196
1993/05/14 12:48:02.69,36.1215,-120.67767,4.762,2.57,Md,37,44,15,0.13,NCSN,349224
1993/05/27 08:39:36.79,36.14433,-120.27016,9.63,3.39,Md,49,67,13,0.09,NCSN,351443
1993/06/08 13:02:43.11,36.0865,-120.21733,8.595,2.63,Md,43,73,10,0.06,NCSN,352628
1993/06/14 00:43:16.10,36.485,-120.61467,13.506,3.22,Md,63,143,22,0.13,NCSN,354929
1993/07/07 16:26:04.48,36.246,-120.40334,7.765,2.54,Md,35,47,5,0.07,NCSN,365484
1993/08/04 20:20:02.37,36.0505,-120.607,3.561,2.74,Md,46,46,2,0.07,NCSN,373260
1993/08/07 13:43:42.47,36.45367,-120.19933,16.181,3.48,Md,53,212,3,0.11,NCSN,373733
1993/08/12 14:45:16.59,36.45367,-120.19767,15.304,2.95,Md,46,135,3,0.15,NCSN,374487
1993/08/18 07:43:44.96,36.00817,-120.14433,14.468,2.79,Md,36,105,7,0.11,NCSN,375276
1993/08/19 17:08:33.14,36.27883,-120.39767,9.728,2.68,Md,35,60,6,0.05,NCSN,375460
1993/08/19 17:11:31.16,36.281,-120.39667,9.968,2.97,Md,41,53,6,0.06,NCSN,375461
1993/09/27 20:15:21.78,35.78383,-120.33483,8.457,3.5,Md,51,42,5,0.05,NCSN,30029975
1993/10/18 19:49:55.47,36.15933,-120.15833,7.727,2.62,Md,29,117,12,0.05,NCSN,30032393
1993/10/21 04:58:45.13,36.29067,-120.4075,9.988,2.87,Md,40,64,6,0.05,NCSN,30032936
1993/10/26 02:17:47.20,36.13533,-120.182,9.01,2.55,Md,39,106,11,0.04,NCSN,30033309
1993/10/31 18:31:23.69,36.29817,-120.429,9.445,3.62,Md,48,81,7,0.09,NCSN,30033707
1993/11/03 04:27:02.92,36.2945,-120.42934,9.308,3.26,Md,45,77,7,0.08,NCSN,30033920
1993/11/03 08:37:28.48,36.29417,-120.42883,9.358,2.93,Md,46,86,7,0.1,NCSN,30033927
1993/11/08 08:04:14.49,36.48433,-120.4575,10.729,2.76,Md,56,55,18,0.22,NCSN,30034303
1993/11/13 21:14:05.85,35.9515,-120.49767,10.508,3.19,Md,51,50,1,0.06,NCSN,30034725
1993/11/14 12:25:34.89,35.9525,-120.498,10.883,4.82,Mw,61,51,0,0.06,NCSN,30034766
1993/11/14 12:29:14.41,35.95783,-120.504,10.788,2.57,Md,45,52,1,0.05,NCSN,403503
1993/11/14 12:34:53.84,35.95867,-120.5085,10.298,2.68,Md,50,52,1,0.04,NCSN,403505
1993/11/14 12:52:59.23,35.949,-120.49184,10.859,2.67,Md,37,80,1,0.05,NCSN,30035323
1993/11/15 03:05:04.77,35.97517,-120.52283,10.368,2.62,Md,46,73,3,0.04,NCSN,30034830
1993/11/19 02:37:16.43,36.06767,-119.80867,11.182,2.83,Md,56,51,26,0.16,NCSN,30035251
1993/11/28 06:53:52.58,36.2895,-120.85,9.562,2.5,Md,51,66,8,0.06,NCSN,30036085
1993/12/04 20:27:06.63,35.99283,-120.54366,9.823,2.57,Md,47,38,6,0.05,NCSN,30036729
1993/12/12 00:45:08.79,35.4505,-119.98183,9.276,2.58,Md,32,159,3,0.06,NCSN,30037346
1993/12/15 10:26:22.41,36.1885,-120.26217,11.527,2.95,Md,53,107,10,0.07,NCSN,30037607
1994/01/03 23:39:15.71,36.07233,-120.107,7.141,3.37,Md,52,185,1,0.07,NCSN,390297
1994/01/07 03:53:17.55,35.98883,-120.13133,15.958,3.52,Md,52,118,8,0.11,NCSN,390522
1994/01/28 02:49:27.90,35.79333,-120.34216,9.28,2.81,Md,44,39,4,0.04,NCSN,392798
1994/01/28 19:05:34.05,36.23617,-120.7955,8.166,2.87,Md,55,82,2,0.05,NCSN,392858
1994/02/12 10:43:07.58,36.81083,-120.9015,3.391,3.08,Md,76,89,8,0.06,NCSN,394617
1994/02/14 03:48:59.93,36.54233,-120.66967,6.84,2.87,Md,68,158,17,0.18,NCSN,394767
1994/02/15 19:21:15.34,35.92267,-120.471,5.153,2.95,Md,54,47,2,0.06,NCSN,394898
1994/02/23 06:58:08.79,36.29317,-120.35033,13.558,3.5,Mw,73,63,5,0.1,NCSN,395417
1994/02/24 14:51:38.74,36.28383,-120.33683,12.898,2.61,Md,47,65,4,0.15,NCSN,395511
1994/03/19 16:35:40.09,36.0145,-120.01417,8.187,2.5,Md,14,260,10,0.09,NCSN,398146
1994/03/31 19:59:59.75,36.18383,-120.30683,11.367,4.2,Mw,49,110,8,0.05,NCSN,399369
1994/03/31 20:02:29.66,36.17817,-120.29684,10.927,4.2,Mw,45,60,9,0.05,NCSN,399484
1994/03/31 20:05:56.76,36.17916,-120.30016,10.497,2.6,Md,38,59,9,0.05,NCSN,399370
1994/04/01 07:36:38.28,36.18833,-120.28384,10.357,3.76,Md,56,62,9,0.06,NCSN,399423
1994/04/20 08:00:52.69,35.99633,-120.54533,9.793,2.83,Md,59,34,6,0.04,NCSN,400787
1994/04/21 16:37:15.36,36.29683,-120.4305,9.428,4.2,Mw,56,80,7,0.1,NCSN,400865
1994/04/21 18:05:10.01,36.30083,-120.43483,9.338,3.43,Md,47,82,7,0.1,NCSN,400869
1994/07/03 07:31:18.50,36.00967,-119.95734,11.142,2.69,Md,39,189,15,0.11,NCSN,30052160
1994/07/16 06:32:55.50,36.24283,-120.80233,6.227,3.11,Md,55,75,3,0.06,NCSN,30052919
1994/08/06 20:18:34.87,36.32667,-120.67783,11.536,2.75,Md,45,86,10,0.08,NCSN,30054455
1994/08/18 09:26:43.59,36.118,-120.14217,8.44,2.71,Md,57,128,7,0.06,NCSN,30055363
1994/09/06 15:29:50.61,36.1465,-120.5235,7.995,3.29,Md,53,72,10,0.1,NCSN,30056723
1994/09/07 22:34:30.63,35.99617,-120.55634,3.723,3.27,Md,52,60,5,0.06,NCSN,30056809
1994/10/08 19:49:06.70,36.06733,-120.05917,7.011,2.67,Md,45,163,5,0.13,NCSN,30060083
1994/10/09 11:42:16.36,36.554,-120.71484,5.86,2.53,Md,54,86,14,0.24,NCSN,30060140
1994/10/25 12:48:12.08,36.20333,-120.7545,8.006,3.11,Md,59,67,4,0.07,NCSN,30061344
1994/11/16 12:57:48.50,36.13667,-120.1935,7.81,2.59,Md,35,100,11,0.13,NCSN,30062721
1994/11/21 18:48:12.59,36.244,-120.80117,6.897,2.89,Md,53,75,14,0.05,NCSN,30063051
1994/12/02 10:50:20.66,36.1745,-120.728,8.606,3.12,Md,62,53,7,0.06,NCSN,30063675
1994/12/02 10:51:05.05,36.1735,-120.73,8.136,3,Md,28,66,7,0.06,NCSN,30063708
1994/12/12 05:50:00.09,35.92967,-120.4745,9.683,3.06,Md,53,29,2,0.06,NCSN,30064233
1994/12/13 01:19:34.81,36.38217,-120.96133,7.435,2.59,Md,48,69,8,0.07,NCSN,30064274
1994/12/19 11:36:27.68,36.005,-120.56,4.582,2.53,Md,42,64,5,0.04,NCSN,30064648
1994/12/20 10:27:47.18,35.91767,-120.46467,8.347,4.9,Mw,54,30,2,0.06,NCSN,30064693
1994/12/20 12:55:06.32,35.91633,-120.463,6.537,3.4,Md,52,47,2,0.05,NCSN,30064696
1994/12/28 12:49:05.21,36.283,-120.462,9.465,3.37,Md,52,80,10,0.11,NCSN,30065254
1995/01/06 03:57:20.96,36.2515,-120.81284,6.287,3.24,Md,57,91,18,0.06,NCSN,30065734
1995/01/15 02:02:47.44,36.25267,-120.81216,6.487,2.83,Md,50,76,13,0.05,NCSN,30066216
1995/01/30 20:42:59.19,36.28417,-120.45617,10.035,2.64,Md,37,80,10,0.09,NCSN,30067121
1995/02/07 11:15:14.72,35.7815,-120.32983,8.558,2.97,Md,52,46,6,0.04,NCSN,30067568
1995/02/09 00:09:17.86,35.71,-120.29183,11.949,2.51,Md,45,49,5,0.04,NCSN,30067669
1995/02/09 10:30:48.88,36.4865,-120.543,14.792,3.3,Md,97,47,23,0.11,NCSN,30067689
1995/02/12 10:36:32.61,36.40883,-120.41917,12.394,2.54,Md,55,39,9,0.07,NCSN,30067856
1995/03/15 04:03:33.36,36.53783,-120.56033,5.797,2.63,Md,58,90,28,0.1,NCSN,30069807
1995/03/16 10:49:07.36,35.835,-120.113,21.006,3.06,Md,4,276,17,0.01,NCSN,30069850
1995/04/05 20:20:26.27,35.77967,-120.32784,8.418,3.31,Md,50,42,6,0.04,NCSN,30071079
1995/04/13 13:26:02.06,35.471,-119.77834,-0.489,3.36,Md,28,150,17,0.2,NCSN,30071501
1995/06/18 19:30:14.08,36.15017,-120.00616,7.057,2.72,Md,30,150,14,0.17,NCSN,30075192
1995/06/23 10:18:58.83,36.37333,-120.37833,7.821,2.91,Md,43,154,4,0.11,NCSN,30075343
1995/06/24 15:08:33.29,36.12383,-120.21133,10.38,3.49,Md,55,88,11,0.08,NCSN,30075524
1995/06/28 13:48:25.28,36.11983,-120.21667,9.16,2.56,Md,45,85,12,0.07,NCSN,30075900
1995/07/08 20:35:16.47,36.07317,-120.261,15.15,2.68,Md,32,57,14,0.06,NCSN,30076766
1995/07/12 05:21:18.45,36.2825,-120.46117,9.685,3.21,Md,47,80,10,0.09,NCSN,30077043
1995/08/10 05:17:57.46,36.477,-120.19483,11.341,3.26,Md,96,49,22,0.4,NCSN,30079632
1995/08/20 17:12:34.45,36.34383,-120.91634,4.162,2.78,Md,57,52,3,0.08,NCSN,30080815
1995/09/10 12:36:48.35,36.00033,-120.56,4.525,2.72,Md,53,34,5,0.06,NCSN,30083343
1995/09/29 03:40:25.60,36.3405,-120.35183,4.681,2.64,Md,37,178,2,0.08,NCSN,30085752
1995/10/08 05:49:55.54,36.24783,-120.45033,12.085,2.58,Md,35,76,10,0.07,NCSN,30086555
1995/10/08 06:03:10.68,36.249,-120.45433,12.155,2.56,Md,33,70,10,0.08,NCSN,30086557
1995/10/28 04:52:36.77,36.49567,-120.5885,9.762,2.65,Md,69,45,25,0.07,NCSN,30088177
1995/11/05 00:03:26.27,36.456,-120.19483,16.774,3.12,Md,79,115,21,0.09,NCSN,30089001
1995/11/28 14:17:22.36,36.1395,-120.162,-0.561,2.74,Md,65,94,28,0.24,NCSN,30090772
1996/01/11 02:58:36.13,36.00117,-120.1265,16.458,3.31,Md,52,92,7,0.11,NCSN,30094082
1996/01/11 17:06:53.59,36.49917,-120.53683,13.732,3.37,Md,122,47,23,0.21,NCSN,30094130
1996/01/12 11:27:34.77,36.13517,-120.04916,8.167,3.02,Md,32,177,10,0.06,NCSN,30094264
1996/01/13 09:36:50.32,35.9935,-120.125,13.183,2.52,Md,38,123,8,0.08,NCSN,30094317
1996/02/10 12:48:07.89,36.18683,-120.305,10.33,2.56,Md,41,58,8,0.05,NCSN,30096439
1996/02/29 15:31:58.42,35.97333,-120.52834,4.87,2.82,Md,42,47,3,0.07,NCSN,30098024
1996/03/22 00:46:14.33,36.02133,-120.577,4.395,2.61,Md,40,75,5,0.07,NCSN,30100189
1996/03/25 09:18:10.40,36.13217,-120.684,5.317,2.57,Md,49,53,4,0.06,NCSN,30100397
1996/03/27 09:27:14.49,36.45284,-120.4865,11.187,2.65,Md,40,126,17,0.09,NCSN,30100548
1996/03/31 17:39:22.39,36.59367,-120.36217,4.939,2.82,Md,6,138,46,0.15,NCSN,1223530
1996/04/19 08:45:05.73,36.06767,-120.02067,6.163,3.01,Md,6,190,8,0.12,NCSN,1224359
1996/04/20 06:28:21.01,36.80517,-120.12434,2.019,3.34,Md,4,153,62,0.03,NCSN,1224384
1996/04/26 00:56:26.95,36.07983,-120.63817,1.911,2.71,Md,45,38,4,0.05,NCSN,30104691
1996/04/28 05:44:21.03,36.0495,-120.117,3.586,2.6,Md,44,149,1,0.07,NCSN,30104826
1996/05/16 19:56:47.27,36.08583,-120.14083,6.426,2.87,Md,41,88,4,0.06,NCSN,30106425
1996/06/23 21:49:09.78,36.03983,-120.114,3.531,2.96,Md,66,95,2,0.13,NCSN,30110824
1996/06/24 04:29:21.23,36.041,-120.1145,3.111,2.88,Md,66,102,2,0.1,NCSN,30110848
1996/07/06 06:05:03.40,36.10283,-120.39484,-0.541,2.61,Md,6,149,23,0.42,NCSN,1225923
1996/07/08 18:09:36.22,36.129,-120.47417,8.589,2.94,Md,5,137,18,0.2,NCSN,1225941
1996/07/23 12:06:27.17,36.4845,-120.17367,18.5,2.5,Md,49,74,7,0.12,NCSN,30114132
1996/07/31 16:12:08.91,36.20633,-120.439,8.167,2.61,Md,5,219,10,0.07,NCSN,1226303
1996/08/04 23:52:19.49,36.2835,-120.45917,9.539,2.71,Md,36,80,10,0.1,NCSN,474453
1996/08/15 08:53:52.94,36.23567,-120.676,10.313,2.82,Md,41,78,6,0.07,NCSN,475882
1996/08/20 10:44:23.69,36.24383,-120.80016,6.062,3.06,Md,52,74,3,0.07,NCSN,476618
1996/09/12 11:15:15.02,36.283,-120.4605,9.919,3.34,Md,53,80,10,0.1,NCSN,30118663
1996/09/18 00:59:44.21,36.277,-120.4635,7.119,2.51,Md,44,78,11,0.16,NCSN,479584
1996/09/19 07:35:36.39,36.2795,-120.46283,9.499,3.1,Md,46,79,10,0.11,NCSN,479730
1996/09/29 13:54:08.38,36.476,-120.15283,12.011,3.16,Md,88,62,25,0.28,NCSN,480641
1996/09/30 09:14:46.46,36.2365,-120.794,8.106,2.83,Md,57,73,2,0.06,NCSN,480685
1996/11/07 10:22:26.84,36.00783,-120.56184,4.455,2.62,Md,48,45,5,0.06,NCSN,483945
1996/11/13 14:30:54.04,36.2805,-120.45567,9.959,2.89,Md,43,78,10,0.08,NCSN,484478
1996/11/20 16:39:24.26,36.25467,-120.8235,8.636,2.89,Md,41,86,5,0.09,NCSN,485153
1996/12/05 17:06:35.63,36.282,-120.45983,9.517,3.45,Md,48,80,10,0.09,NCSN,30123257
1996/12/17 11:02:44.14,36.28917,-120.85233,9.422,2.62,Md,51,65,8,0.08,NCSN,488082
1996/12/22 00:31:08.54,36.71617,-120.85217,5.395,2.6,Md,41,129,8,0.07,NCSN,488609
1996/12/31 20:25:35.48,36.2715,-120.4065,8.542,2.6,Md,38,77,6,0.06,NCSN,489475
1997/01/30 23:36:37.74,36.78833,-120.886,1.645,2.64,Md,50,97,8,0.07,NCSN,493202
1997/02/01 02:17:28.26,35.89517,-120.776,3.811,2.55,Md,5,165,17,0.02,NCSN,1227966
1997/02/02 02:20:20.21,36.198,-120.28083,9.534,3.9,Mw,58,62,8,0.07,NCSN,493647
1997/02/21 06:23:03.97,36.14767,-120.27016,5.199,2.56,Md,29,104,13,0.08,NCSN,495718
1997/03/18 08:59:01.09,36.0005,-119.73583,19.268,2.62,Md,49,53,25,0.2,NCSN,498393
1997/04/07 04:46:54.13,36.47766,-120.66167,9.986,2.79,Md,54,72,18,0.13,NCSN,500603
1997/04/14 23:05:22.95,36.07817,-120.63567,4.421,2.72,Md,55,38,4,0.07,NCSN,501298
1997/04/14 23:54:58.33,36.07983,-120.63367,5.371,3.45,Md,57,38,4,0.06,NCSN,501300
1997/04/19 12:44:52.50,36.06033,-120.08266,9.481,2.8,Md,62,144,2,0.12,NCSN,501911
1997/05/01 22:07:35.89,36.04933,-120.60683,3.481,2.84,Md,48,42,2,0.07,NCSN,503214
1997/05/13 20:04:50.60,36.28017,-120.4575,9.689,2.99,Md,46,78,10,0.09,NCSN,504965
1997/05/21 04:53:33.11,35.97433,-120.5245,10.448,2.84,Md,55,47,3,0.04,NCSN,505908
1997/05/23 09:17:43.12,36.86483,-120.79833,1.91,2.6,Md,78,80,22,0.09,NCSN,506130
1997/05/23 23:29:10.20,36.383,-120.96117,7.281,2.58,Md,51,69,7,0.07,NCSN,506214
1997/05/26 13:27:16.51,35.93583,-120.48967,9.903,3.1,ML,63,32,2,0.08,NCSN,506494
1997/07/08 05:38:30.36,36.22033,-119.89034,24.147,2.52,Md,34,147,26,0.27,NCSN,511538
1997/07/22 11:21:40.70,36.28433,-120.479,9.609,2.74,Md,47,81,11,0.1,NCSN,30138298
1997/07/24 23:43:30.89,35.84133,-120.39034,6.158,3.32,ML,46,34,4,0.03,NCSN,514162
1997/08/09 14:18:20.66,35.52717,-120.07816,10.756,2.55,Md,35,130,6,0.03,NCSN,516477
1997/08/10 17:01:30.71,35.53033,-120.077,10.876,2.9,Md,35,130,5,0.06,NCSN,516543
1997/08/16 02:52:42.88,36.40133,-120.3535,8.554,3.02,Md,35,97,7,0.07,NCSN,517246
1997/09/12 16:20:44.56,36.23333,-120.35416,10.344,3.49,ML,44,56,2,0.06,NCSN,520870
1997/09/19 07:20:26.96,36.0375,-120.59433,4.485,2.5,Md,47,79,3,0.07,NCSN,521725
1997/09/27 21:43:28.10,36.48133,-120.611,13.256,2.77,Md,53,95,22,0.09,NCSN,522894
1997/10/05 23:28:14.82,35.96684,-120.5175,7.883,3.46,ML,56,32,2,0.04,NCSN,524218
1997/10/08 03:34:15.29,35.97117,-120.5215,7.793,3.49,ML,55,46,3,0.04,NCSN,524646
1997/10/23 19:21:03.20,36.46233,-120.135,19.391,2.89,Md,6,136,8,0.31,NCSN,40038144
1997/11/10 00:58:34.66,36.2245,-120.4755,2.275,2.54,Md,5,209,12,0.01,NCSN,40040890
1997/11/12 21:36:06.31,36.06767,-120.168,8.176,2.5,Md,43,119,21,0.08,NCSN,533843
1997/12/06 10:34:50.71,36.45767,-120.44517,8.491,3.36,ML,92,73,15,0.18,NCSN,541466
1997/12/09 14:30:56.89,36.33217,-120.51033,9.696,3.16,Md,41,121,13,0.11,NCSN,542219
1997/12/10 05:14:36.78,36.38017,-120.69534,10.437,2.9,Md,47,114,11,0.09,NCSN,30156202
1997/12/12 11:36:14.88,36.1165,-120.2985,9.701,3.44,ML,56,92,18,0.09,NCSN,543069
1997/12/18 08:35:55.91,36.19833,-120.7605,7.67,3.07,Md,56,134,4,0.05,NCSN,544633
1997/12/20 19:48:10.69,35.66317,-120.41267,9.209,2.52,Md,8,174,8,0.23,NCSN,51037603
1998/01/01 03:56:41.52,36.25033,-120.81517,5.876,3.08,ML,59,74,4,0.07,NCSN,547887
1998/01/02 07:37:19.79,36.6085,-120.90383,5.211,2.58,Md,6,158,60,0.07,NCSN,40056750
1998/01/10 15:23:48.37,36.02833,-120.58317,4.655,2.83,Md,48,55,5,0.06,NCSN,551001
1998/01/15 21:45:07.83,36.02117,-120.57883,4.585,2.57,Md,38,86,5,0.06,NCSN,552027
1998/02/11 03:01:07.29,36.37417,-120.31084,19.199,2.88,Md,31,205,7,0.31,NCSN,556320
1998/02/12 14:23:46.55,36.25383,-120.35883,8.789,3.02,ML,42,115,2,0.06,NCSN,556526
1998/02/15 06:36:55.93,36.06483,-120.60367,10.001,2.55,Md,42,37,1,0.06,NCSN,556839
1998/03/27 06:02:55.94,36.217,-119.79266,18.327,2.65,Md,73,74,33,0.21,NCSN,564136
1998/04/15 08:52:32.13,36.01317,-120.56717,4.705,2.57,Md,45,76,5,0.04,NCSN,567463
1998/05/01 16:43:51.10,36.13217,-120.218,8.117,3,ML,37,86,13,0.06,NCSN,569736
1998/05/06 18:30:56.08,36.22583,-120.34933,10.457,2.65,Md,22,78,3,0.08,NCSN,30173143
1998/05/06 18:32:20.73,36.22567,-120.35083,10.718,2.55,Md,39,55,3,0.09,NCSN,30172852
1998/05/24 01:03:03.39,36.13883,-120.17033,7.656,2.5,Md,34,115,10,0.05,NCSN,30175369
1998/06/07 17:21:05.81,36.46933,-120.44733,11.699,2.55,Md,61,53,16,0.08,NCSN,30177615
1998/06/12 06:32:33.08,36.30783,-120.52016,15.547,3.12,ML,51,87,11,0.12,NCSN,30178879
1998/06/12 06:50:03.52,36.3075,-120.51534,16.377,2.73,Md,50,86,11,0.1,NCSN,30178882
1998/06/12 07:04:58.51,36.3115,-120.51884,15.497,3.1,Md,51,87,11,0.11,NCSN,30178884
1998/06/26 12:16:54.90,36.08033,-120.037,8.521,2.81,Md,47,175,7,0.12,NCSN,30181629
1998/07/03 12:59:44.31,36.71684,-120.32133,1.934,2.57,Md,5,164,52,0.04,NCSN,51057599
1998/07/22 03:18:55.07,36.24967,-120.11333,6.171,2.97,Md,5,178,3,0.03,NCSN,51059464
1998/07/29 14:00:25.67,36.34417,-120.9165,4.012,2.73,Md,52,52,3,0.07,NCSN,30187762
1998/08/05 19:45:45.41,36.08883,-120.706,1.352,2.51,Md,40,78,3,0.26,NCSN,30189363
1998/08/08 19:59:17.83,36.10533,-120.02233,8.037,2.98,Md,41,211,9,0.08,NCSN,30189900
1998/08/13 11:43:15.29,36.17033,-120.26717,16.937,2.82,Md,40,68,11,0.07,NCSN,30191210
1998/08/13 11:44:02.28,36.16383,-120.26733,15.537,3.7,Mw,52,68,12,0.08,NCSN,30191205
1998/08/23 21:55:07.08,36.16833,-120.27033,15.637,2.76,Md,40,68,11,0.07,NCSN,30192896
1998/09/01 21:55:52.89,35.99783,-119.81883,15.308,2.63,Md,32,177,27,0.13,NCSN,30194382
1998/09/06 22:49:52.11,36.35966,-119.93017,19.07,2.61,Md,53,91,19,0.12,NCSN,30195261
1998/09/07 14:57:10.53,36.51517,-120.74767,9.683,2.84,Md,54,126,17,0.07,NCSN,30195343
1998/09/13 17:11:29.82,36.11983,-120.06533,8.137,2.52,Md,32,166,8,0.07,NCSN,30196358
1998/09/15 09:18:17.57,36.375,-120.09517,19.921,2.75,Md,4,146,25,0.17,NCSN,40079158
1998/09/16 09:00:44.46,35.95883,-120.50883,7.033,3.4,Mw,61,46,1,0.05,NCSN,30196821
1998/09/16 16:09:29.87,35.96167,-120.51133,7.073,3.46,ML,59,47,1,0.05,NCSN,30196883
1998/09/16 16:17:29.76,35.96233,-120.5125,7.083,2.88,Md,57,48,1,0.04,NCSN,30196884
1998/09/17 15:42:58.60,35.9665,-120.51817,7.158,2.9,Md,49,47,2,0.05,NCSN,30199657
1998/09/20 09:38:14.68,35.9685,-120.52067,7.108,2.5,Md,49,46,2,0.04,NCSN,30197557
1998/09/20 11:50:54.51,36.173,-120.72833,8.567,3.13,Md,67,53,7,0.07,NCSN,30197568
1998/10/23 11:25:47.65,35.5065,-119.821,2.921,2.58,Md,14,194,15,0.04,NCSN,30203229
1998/11/02 22:49:21.69,36.86067,-120.66617,-0.369,2.81,Md,62,122,25,0.31,NCSN,30204721
1998/11/08 09:07:43.03,35.93017,-120.47383,9.743,3.04,Md,54,43,2,0.06,NCSN,30205382
1998/11/16 15:15:04.68,36.2565,-120.28467,9.689,2.65,Md,4,188,5,0,NCSN,51066885
1998/11/29 07:04:37.78,35.99983,-120.8825,9.494,2.52,Md,59,37,3,0.09,NCSN,30207485
1998/12/02 21:05:37.06,36.2595,-120.35516,21.588,2.79,Md,5,149,2,0.25,NCSN,40083188
1999/01/12 23:48:09.03,35.97333,-120.525,7.508,2.72,Md,49,59,3,0.04,NCSN,30213565
1999/02/26 15:25:56.75,35.9455,-120.49167,9.893,4,Mw,58,32,1,0.06,NCSN,30218574
1999/03/05 00:18:49.31,35.93583,-120.483,9.253,3.17,ML,56,43,3,0.06,NCSN,21004558
1999/03/13 17:06:26.33,36.28067,-120.43333,10.559,2.66,Md,44,79,8,0.08,NCSN,30219788
1999/03/18 23:37:48.69,35.94117,-120.48766,10.583,3.36,ML,55,43,2,0.06,NCSN,21005421
1999/04/16 09:58:49.65,36.386,-120.46,5.969,2.74,Md,65,114,10,0.11,NCSN,21007984
1999/04/17 20:41:37.00,36.24117,-120.80317,6.077,3.11,Md,50,87,3,0.08,NCSN,21008189
1999/05/02 07:35:00.20,35.63983,-119.6955,4.312,2.54,Md,33,168,33,0.1,NCSN,21010429
1999/05/17 13:04:58.55,36.145,-120.072,7.311,2.57,Md,22,186,10,0.08,NCSN,30220292
1999/05/26 02:12:28.00,35.97333,-120.52866,4.758,2.75,Md,49,48,3,0.06,NCSN,21018732
1999/06/10 07:33:41.99,36.21933,-120.3985,7.967,2.9,Md,52,40,6,0.07,NCSN,21024107
1999/06/13 14:26:04.48,36.15367,-120.20133,8.766,2.52,Md,34,96,13,0.03,NCSN,21025354
1999/06/13 14:57:59.11,36.15267,-120.2015,8.523,3.22,ML,38,96,13,0.06,NCSN,21025361
1999/06/25 20:39:22.09,36.12417,-120.69167,5.367,2.6,Md,35,59,3,0.08,NCSN,21029203
1999/06/29 04:11:47.05,36.38317,-120.96117,7.331,2.56,Md,61,60,7,0.07,NCSN,21030221
1999/07/17 06:39:07.13,35.8985,-120.44033,5.72,3.06,ML,50,43,4,0.06,NCSN,21035432
1999/07/19 01:50:54.07,36.438,-120.45216,7.949,3.11,Md,82,38,13,0.16,NCSN,21035847
1999/07/21 23:52:51.41,36.06217,-120.62833,0.671,2.5,Md,32,63,3,0.08,NCSN,51087987
1999/08/11 20:36:29.55,35.94717,-120.03817,9.098,2.7,Md,33,148,12,0.11,NCSN,21042846
1999/08/15 01:01:25.24,36.00783,-120.56433,4.655,2.62,Md,45,40,5,0.06,NCSN,21043690
1999/08/19 16:40:25.66,36.23483,-120.79684,8.006,2.79,Md,58,88,2,0.06,NCSN,21045339
1999/10/13 19:35:56.40,35.99733,-120.55617,3.853,3.27,ML,54,38,5,0.06,NCSN,21059155
1999/10/25 12:08:29.61,36.49166,-120.7435,10.384,2.72,Md,54,159,15,0.07,NCSN,21062777
1999/10/29 09:50:37.92,36.00017,-120.56033,4.575,2.69,Md,45,70,5,0.06,NCSN,21063603
1999/11/02 12:09:15.95,36.2375,-120.166,2.949,2.97,Md,5,150,7,0.31,NCSN,51091834
1999/11/12 04:29:08.86,36.77583,-120.23967,7.867,2.85,Md,6,206,59,0.53,NCSN,51092155
1999/11/23 01:00:38.39,36.1995,-120.326,10.243,2.73,Md,44,54,6,0.05,NCSN,21068458
1999/11/30 19:02:37.90,36.2825,-120.862,8.932,2.57,Md,52,83,7,0.1,NCSN,21069550
1999/12/09 18:57:22.37,36.2805,-119.779,0.984,2.55,Md,109,37,28,0.8,NCSN,21071120
2000/01/16 18:31:12.84,36.06533,-120.107,8.617,2.55,Md,53,161,1,0.09,NCSN,21077966
2000/01/17 18:47:51.01,36.2805,-120.45734,8.917,2.9,Md,45,78,10,0.09,NCSN,21078100
2000/02/17 17:24:19.36,36.4825,-120.44883,7.391,2.53,Md,93,73,35,0.17,NCSN,21083281
2000/03/16 21:42:36.12,36.379,-120.38983,7.464,3.7,Mw,50,77,5,0.11,NCSN,21086982
2000/04/08 06:51:42.25,35.80033,-120.34717,6.34,2.89,Md,49,34,3,0.03,NCSN,21091100
2000/04/11 07:47:45.68,36.563,-120.60167,14.123,2.78,Md,95,67,20,0.14,NCSN,21091530
2000/04/15 13:06:56.24,36.1965,-120.76334,7.726,2.82,Md,53,79,4,0.07,NCSN,21092235
2000/04/16 00:49:51.68,36.19633,-120.26884,11.709,2.94,Md,40,66,9,0.08,NCSN,21092323
2000/04/29 17:05:41.07,35.79367,-120.34517,9.19,2.87,Md,51,37,4,0.03,NCSN,21094494
2000/05/07 15:50:32.48,36.24883,-120.81567,5.796,2.77,Md,53,105,4,0.07,NCSN,21096053
2000/05/07 16:50:40.49,36.25017,-120.81567,5.786,3.1,ML,57,74,4,0.07,NCSN,21096061
2000/05/10 23:02:23.51,36.464,-120.1775,18.709,2.69,Md,46,141,5,0.08,NCSN,21096712
2000/05/22 20:10:13.33,36.014,-120.572,4.495,2.77,Md,50,41,5,0.05,NCSN,21099477
2000/07/11 00:02:23.37,36.26867,-120.371,9.209,2.57,Md,40,57,3,0.06,NCSN,21108805
2000/07/19 20:04:12.46,36.6865,-120.70316,-0.605,2.68,Md,59,173,8,0.27,NCSN,21110920
2000/08/17 13:41:39.60,36.51033,-120.66,6.76,3.48,ML,108,42,21,0.14,NCSN,21120369
2000/09/11 17:18:45.11,35.72317,-119.7115,25.158,2.62,Md,51,32,27,0.24,NCSN,21124623
2000/09/16 15:50:06.01,36.0045,-120.56184,4.645,2.62,Md,43,52,5,0.05,NCSN,21125505
2000/09/21 18:07:34.15,35.84683,-120.39484,6.341,2.78,Md,46,55,1,0.03,NCSN,30222216
2000/09/21 18:08:58.63,35.84717,-120.3955,6.411,3.28,ML,49,40,1,0.03,NCSN,30222214
2000/10/18 00:07:36.17,36.34633,-120.91367,3.361,2.51,Md,48,74,4,0.06,NCSN,21130272
2000/10/22 08:47:48.99,36.13467,-120.21616,8.642,2.6,Md,32,87,13,0.06,NCSN,21130945
2000/11/30 14:08:04.12,35.9055,-120.44883,5.645,2.95,Md,39,50,4,0.04,NCSN,21136545
2000/12/07 15:37:26.04,36.242,-120.80267,6.126,2.91,Md,51,73,3,0.07,NCSN,21137763
2000/12/22 23:58:00.16,36.07717,-120.6375,4.356,2.73,Md,51,65,4,0.08,NCSN,21140267
2001/01/06 07:21:01.89,36.03117,-120.8815,11.792,2.5,Md,55,32,1,0.11,NCSN,21142522
2001/01/06 07:21:57.56,36.03,-120.87984,13.542,2.78,Md,65,32,1,0.11,NCSN,30222518
2001/01/27 18:38:09.97,36.16833,-120.73434,8.717,2.87,Md,62,67,7,0.06,NCSN,21145031
2001/04/13 02:48:42.89,35.955,-120.50333,9.223,3.4,ML,54,33,0,0.05,NCSN,21157989
2001/04/16 08:08:44.76,36.24417,-120.80033,6.486,3.06,Md,58,68,3,0.06,NCSN,21158561
2001/04/24 11:57:00.41,36.01567,-119.9305,8.752,3.28,ML,38,195,17,0.14,NCSN,21160018
2001/04/26 09:05:56.94,36.01167,-119.9545,5.105,2.63,Md,32,189,17,0.13,NCSN,21160492
2001/04/27 12:18:04.06,35.883,-120.4265,5.601,2.92,Md,51,37,2,0.04,NCSN,21160779
2001/05/04 23:26:13.82,36.24683,-120.3285,8.659,2.75,Md,35,63,1,0.08,NCSN,21162100
2001/05/31 23:14:55.22,36.53967,-120.691,8.403,2.66,Md,57,81,16,0.05,NCSN,21167522
2001/06/07 18:21:03.99,36.07883,-120.64267,2.596,2.76,Md,47,51,4,0.07,NCSN,21168939
2001/07/14 00:23:49.75,36.273,-120.83633,6.751,3.17,ML,59,73,7,0.06,NCSN,21181133
2001/07/16 18:27:17.93,36.1615,-120.73183,8.087,2.51,Md,49,64,6,0.06,NCSN,21181698
2001/07/16 20:08:02.73,35.79667,-120.3485,10.06,2.9,Md,49,54,4,0.04,NCSN,21181714
2001/07/19 04:01:57.15,36.069,-120.11667,8.926,2.7,Md,45,180,1,0.08,NCSN,21182318
2001/07/20 14:51:17.44,35.79533,-120.34666,9.234,3.11,Md,30,94,4,0.02,NCSN,21241578
2001/07/24 15:12:03.31,36.20033,-120.3305,9.963,2.63,Md,33,54,6,0.07,NCSN,21183071
2001/09/02 14:11:11.19,36.214,-120.28384,8.719,3.66,ML,45,63,7,0.09,NCSN,21192272
2001/09/02 14:18:08.27,36.22,-120.2805,7.519,2.93,Md,35,65,6,0.08,NCSN,21192274
2001/09/02 14:19:39.57,36.21283,-120.27233,7.219,2.58,Md,32,64,8,0.08,NCSN,30223589
2001/09/02 16:28:42.28,36.20867,-120.27433,8.079,2.76,Md,40,63,8,0.06,NCSN,21192290
2001/09/02 20:45:25.98,36.21033,-120.2845,8.519,2.68,Md,37,62,7,0.08,NCSN,21192330
2001/09/26 17:52:11.15,36.1845,-120.30617,10.759,3.14,ML,37,57,8,0.06,NCSN,21196276
2001/10/10 19:05:22.23,36.191,-120.30466,10.579,2.65,Md,36,57,7,0.04,NCSN,21198255
2001/10/14 20:41:17.52,36.54817,-120.73,6.043,2.51,Md,24,217,14,0.08,NCSN,21198704
2001/10/30 02:33:18.25,36.53933,-120.6065,17.195,2.63,Md,79,58,27,0.23,NCSN,21200582
2001/10/31 01:46:01.51,35.799,-120.34783,10.32,2.95,Md,40,56,4,0.06,NCSN,21200721
2001/11/03 16:37:08.52,36.21233,-120.371,8.867,2.55,Md,36,50,5,0.08,NCSN,21201096
2001/11/06 03:54:13.11,36.19667,-120.32484,9.624,2.8,Md,31,54,12,0.05,NCSN,30505076
2001/11/06 04:38:36.47,36.19867,-120.323,9.634,2.75,Md,37,55,12,0.05,NCSN,30505632
2001/11/12 23:53:01.72,36.17317,-120.166,9.07,2.79,Md,31,116,11,0.07,NCSN,21202315
2001/11/26 19:52:58.21,35.92333,-120.4695,4.593,2.85,Md,43,40,2,0.05,NCSN,21203954
2001/12/06 16:38:44.32,36.5265,-120.7795,7.29,2.78,Md,53,51,15,0.07,NCSN,21204767
2001/12/18 17:46:37.32,36.38267,-120.9615,7.051,2.55,Md,46,69,7,0.06,NCSN,21206331
2001/12/20 08:25:16.50,36.09533,-120.19733,8.432,3.4,ML,35,85,9,0.07,NCSN,21206532
2001/12/25 11:15:02.30,36.21667,-120.41883,9.214,2.8,Md,6,113,14,0.06,NCSN,40129777
2001/12/27 10:42:57.04,36.39383,-120.418,7.249,3.13,Md,48,100,8,0.11,NCSN,21207111
2002/01/20 16:48:04.59,36.29016,-119.86367,23.2,2.55,Md,61,137,20,0.15,NCSN,21209675
2002/01/27 07:01:14.18,36.02367,-119.826,15.311,3.08,ML,87,44,26,0.24,NCSN,21210477
2002/02/07 15:57:40.01,36.0295,-120.58434,4.683,2.83,Md,53,42,4,0.07,NCSN,21211956
2002/03/08 02:10:37.10,36.02267,-120.57516,4.653,2.64,Md,44,49,5,0.05,NCSN,21215674
2002/03/10 21:47:48.23,36.0135,-120.57233,4.363,2.58,Md,44,41,5,0.05,NCSN,21216005
2002/04/17 20:50:17.03,36.49367,-120.32633,4.224,2.62,Md,30,125,18,0.08,NCSN,21221833
2002/04/17 22:31:56.42,36.48767,-120.35284,4.174,2.84,Md,36,155,14,0.1,NCSN,21221851
2002/04/25 14:37:49.78,36.96867,-120.02866,15.885,2.55,Md,16,122,20,0.18,NCSN,21222932
2002/04/26 04:23:39.33,36.52483,-120.713,7.914,2.67,Md,41,62,17,0.12,NCSN,21223125
2002/05/08 16:18:11.01,36.23617,-120.34233,9.393,3.19,Md,40,58,1,0.08,NCSN,21224941
2002/05/11 00:42:57.69,36.48167,-120.86467,15.428,2.55,Md,59,148,13,0.12,NCSN,21225197
2002/06/01 12:42:14.30,36.098,-120.1655,7.722,2.77,Md,45,163,6,0.07,NCSN,21228216
2002/06/08 05:31:01.07,36.2665,-120.335,8.579,3,Md,44,65,2,0.1,NCSN,21229272
2002/06/09 03:34:17.60,36.04716,-120.60783,4.681,2.61,Md,46,60,7,0.05,NCSN,21229408
2002/06/09 10:13:10.83,36.234,-120.79633,7.956,2.84,Md,55,73,2,0.07,NCSN,21229439
2002/06/18 07:53:07.05,36.19783,-120.762,7.51,3.03,Md,51,119,4,0.06,NCSN,21231176
2002/07/05 07:38:46.00,36.18616,-120.12466,7.45,2.71,Md,32,130,8,0.06,NCSN,21233677
2002/07/14 23:21:46.12,36.28967,-120.406,10.294,2.92,Md,56,60,6,0.08,NCSN,21235437
2002/07/31 18:53:39.86,35.7915,-119.99233,6.273,3.06,ML,33,153,9,0.18,NCSN,21238361
2002/08/02 05:00:11.15,36.0045,-120.561,4.38,2.51,Md,43,52,5,0.05,NCSN,21238654
2002/08/05 06:41:33.00,35.931,-120.679,11.43,3.11,ML,57,24,8,0.06,NCSN,21239146
2002/08/05 07:23:09.94,35.929,-120.679,11.58,2.5,Md,50,36,8,0.07,NCSN,21239151
2002/08/09 15:02:01.20,36.16017,-120.30483,13.549,2.78,Md,39,58,9,0.09,NCSN,21239738
2002/08/18 08:09:53.99,35.93867,-120.48583,9.823,3.12,Md,51,31,2,0.06,NCSN,21241088
2002/08/24 21:39:30.74,36.00017,-119.95284,8.348,2.92,Md,32,205,15,0.11,NCSN,21242044
2002/09/04 21:03:02.89,36.20917,-120.19334,6.7,2.78,Md,8,321,39,0.05,NCSN,21243567
2002/09/04 21:18:11.28,35.94783,-120.03433,9.241,2.98,Md,32,150,12,0.09,NCSN,21243572
2002/09/06 07:28:22.59,35.86517,-120.4135,8.588,3.9,Mw,44,39,2,0.04,NCSN,21243814
2002/09/06 18:06:13.40,36.94817,-120.63167,10.317,2.75,Md,6,344,65,0.05,NCSN,21244021
2002/09/21 03:11:29.74,35.9925,-120.543,8.093,2.63,Md,8,163,6,0.02,NCSN,21246273
2002/10/09 15:25:39.45,36.08967,-120.20966,9.152,2.7,Md,36,77,10,0.06,NCSN,21248803
2002/10/12 03:48:32.42,35.62617,-119.70533,23.092,2.61,Md,21,223,31,0.15,NCSN,21249067
2002/11/12 16:48:25.08,35.9725,-120.5235,7.415,4.1,Mw,57,35,3,0.05,NCSN,21254383
2002/11/18 17:36:30.97,36.06667,-120.201,8.872,2.66,Md,37,67,8,0.05,NCSN,21255571
2002/11/22 03:57:57.57,36.543,-120.61983,13.912,2.61,Md,49,63,20,0.23,NCSN,21269406
2002/11/24 18:15:09.02,35.97183,-120.5275,4.605,2.81,Md,45,48,3,0.07,NCSN,21256718
2002/12/06 11:21:55.67,36.2415,-120.367,9.759,2.92,Md,40,62,2,0.06,NCSN,21259159
2002/12/11 11:35:08.36,36.28917,-120.84967,9.727,2.66,Md,41,58,8,0.05,NCSN,21259891
2002/12/28 14:08:20.52,36.14483,-120.16283,10.869,3.9,Mw,32,118,10,0.08,NCSN,21261534
2002/12/29 12:48:39.98,36.00783,-120.56416,4.672,2.61,Md,37,48,5,0.04,NCSN,21261590
2002/12/31 03:29:01.16,36.23867,-120.287,11.799,3.03,Md,38,69,5,0.08,NCSN,21261750
2003/01/09 15:20:45.22,36.244,-120.82584,1.357,3.19,ML,58,66,12,0.56,NCSN,21263091
2003/01/21 14:12:20.13,36.25967,-120.82066,6.381,2.52,Md,43,70,5,0.04,NCSN,21264526
2003/03/07 13:26:13.03,36.60983,-120.74533,5.577,3.06,Md,78,72,7,0.09,NCSN,21270069
2003/04/01 01:05:09.93,35.85383,-120.39667,4.409,3.03,Md,40,40,2,0.05,NCSN,21273399
2003/04/01 09:00:32.68,36.079,-120.1605,13.522,2.71,Md,39,67,5,0.09,NCSN,21273444
2003/04/01 09:08:15.60,36.05633,-120.1655,1.837,2.5,Md,30,66,5,0.65,NCSN,21273448
2003/04/01 20:54:36.45,36.05183,-120.61034,9.056,3.12,ML,49,31,2,0.07,NCSN,21273511
2003/04/21 15:46:45.67,36.56217,-120.7085,12.61,3.51,ML,95,46,14,0.12,NCSN,21276738
2003/04/21 15:59:40.95,36.56217,-120.72533,10.03,2.84,Md,51,76,13,0.17,NCSN,21276745
2003/04/28 05:07:47.87,35.98667,-120.0175,10.605,2.59,Md,33,169,12,0.09,NCSN,21277414
2003/05/04 21:58:51.00,36.344,-120.916,4.032,2.86,Md,50,52,3,0.07,NCSN,21278067
2003/05/19 01:33:32.96,36.64233,-120.37267,4.404,2.64,Md,5,195,63,0.08,NCSN,30505769
2003/05/26 10:38:30.48,36.98333,-120.165,7.459,3.72,ML,134,83,28,0.31,NCSN,30225834
2003/05/28 01:56:27.87,36.46467,-120.84917,16.238,2.58,Md,48,106,11,0.15,NCSN,30225892
2003/05/30 09:03:38.52,36.99866,-120.17966,8.279,3.15,ML,98,80,29,0.39,NCSN,21284445
2003/06/04 11:19:01.28,36.99917,-120.19133,0.119,2.51,Md,40,92,29,0.53,NCSN,30225897
2003/06/22 01:45:44.75,36.249,-120.33417,8.559,2.6,Md,35,107,1,0.06,NCSN,21288847
2003/07/02 08:38:56.50,36.52483,-120.13817,7.105,2.78,Md,4,123,31,0.01,NCSN,51129561
2003/07/04 17:29:04.58,36.51183,-120.6355,6.642,2.58,Md,61,58,22,0.19,NCSN,21290991
2003/07/09 23:04:23.13,36.15,-120.06617,8.549,2.85,Md,32,170,11,0.09,NCSN,21291770
2003/07/16 03:30:07.75,36.21267,-120.78033,8.356,2.57,Md,51,70,2,0.07,NCSN,21292685
2003/07/17 08:48:17.53,36.648,-120.9445,4.411,3.07,ML,60,53,8,0.2,NCSN,21292835
2003/07/17 13:29:52.01,36.64833,-120.94334,0.921,2.89,Md,50,58,8,0.2,NCSN,21292878
2003/07/19 05:40:36.92,36.19584,-120.26,18.532,2.78,Md,5,154,15,0.06,NCSN,51130053
2003/07/23 10:20:50.97,36.316,-120.733,7.612,2.72,Md,31,92,10,0.07,NCSN,21294222
2003/07/30 11:49:21.99,35.87067,-120.31883,11.279,2.94,Md,38,50,4,0.07,NCSN,21296131
2003/08/11 14:18:44.08,36.12683,-120.68933,7.359,2.64,Md,48,45,14,0.07,NCSN,21298828
2003/08/13 15:58:33.17,36.18917,-120.30167,32.004,2.98,Md,6,83,12,0.4,NCSN,40145604
2003/08/28 00:11:12.69,35.92417,-120.47017,5.393,3.04,Md,45,43,2,0.06,NCSN,21303302
2003/08/28 17:33:32.53,36.22433,-120.33383,9.883,2.97,Md,48,58,3,0.06,NCSN,21303568
2003/09/05 22:33:43.58,36.53,-120.6675,8.484,2.7,Md,63,58,19,0.13,NCSN,30226256
2003/09/11 14:34:19.14,36.53733,-120.668,7.594,2.85,Md,59,83,18,0.12,NCSN,30226257
2003/09/21 07:43:25.28,36.0785,-120.6355,5.701,3.21,ML,58,68,18,0.07,NCSN,21308308
2003/11/14 08:22:03.98,36.4855,-120.657,8.431,2.92,Md,76,55,19,0.14,NCSN,30226568
2003/11/24 14:32:37.58,36.33667,-120.87867,11.72,3.14,Md,54,49,7,0.05,NCSN,21319915
2003/11/28 22:08:54.64,36.46533,-120.6435,9.111,3.33,ML,77,53,19,0.14,NCSN,21320728
2003/12/06 13:49:16.98,36.00134,-120.5575,4.592,2.77,Md,42,59,5,0.04,NCSN,21321539
2003/12/07 01:13:37.34,36.055,-120.605,9.056,2.55,Md,31,55,2,0.04,NCSN,21321626
2003/12/28 13:09:06.20,36.6105,-120.75983,1.767,2.66,Md,44,97,7,0.11,NCSN,21326260
2004/02/27 02:22:44.94,36.561,-120.70167,11.106,2.65,Md,42,58,14,0.12,NCSN,21346428
2004/03/10 17:05:56.40,35.92833,-120.477,9.75,2.9,Md,60,39,3,0.07,NCSN,21349380
2004/04/13 11:00:56.76,36.64017,-120.50433,11.429,2.5,Md,82,67,26,0.2,NCSN,30227377
2004/05/18 21:35:44.68,36.605,-120.57,9.944,2.58,Md,44,84,21,0.26,NCSN,21365018
2004/07/29 04:22:40.11,35.99067,-119.91983,5.214,2.86,Md,89,47,15,0.27,NCSN,21384762
2004/08/10 23:53:06.27,36.4475,-120.33067,7.014,2.87,Md,52,69,11,0.13,NCSN,21387642
2004/08/12 09:57:52.08,36.24233,-120.8015,6.331,3.03,ML,66,68,3,0.07,NCSN,21388046
2004/08/12 14:44:42.62,36.19817,-120.76,7.592,2.72,Md,62,69,4,0.06,NCSN,21388094
2004/08/15 08:39:43.23,36.383,-120.96067,7.551,2.53,Md,59,60,7,0.08,NCSN,21388880
2004/09/01 19:58:02.03,36.18083,-120.30383,10.289,2.81,Md,49,111,8,0.08,NCSN,21392768
2004/09/06 03:43:04.84,36.14717,-120.6615,1.738,2.81,Md,56,51,7,0.24,NCSN,21393628
2004/09/26 15:54:05.96,36.16417,-120.6495,0.503,3.7,Mw,69,63,9,0.56,NCSN,21399972
2004/09/27 02:00:06.12,36.16383,-120.65583,5.178,3.42,ML,63,49,9,0.13,NCSN,21400082
2004/09/27 08:52:41.05,36.1585,-120.66133,5.093,2.84,Md,54,62,8,0.08,NCSN,21400160
2004/09/28 17:15:24.25,35.81816,-120.366,8.136,5.97,Mw,60,26,2,0.04,NCSN,30228270
2004/09/28 17:19:06.81,35.85717,-120.40633,8.503,4.15,ML,54,40,2,0.04,NCSN,30228271
2004/09/28 17:19:23.92,35.84433,-120.4015,8.243,4.12,Md,19,83,1,0.07,NCSN,21400459
2004/09/28 17:21:29.26,35.83383,-120.456,31.797,2.53,Md,10,177,5,0.19,NCSN,71006934
2004/09/28 17:22:22.79,35.90917,-120.45617,5.811,2.78,Md,32,53,4,0.06,NCSN,21400460
2004/09/28 17:22:55.07,36.00317,-120.569,2.94,2.64,Md,18,125,3,0.05,NCSN,30228826
2004/09/28 17:23:49.14,35.85467,-120.39967,4.199,2.52,Md,39,40,2,0.07,NCSN,30506240
2004/09/28 17:24:15.28,35.8045,-120.34983,5.998,4.71,Mw,54,37,3,0.04,NCSN,21400461
2004/09/28 17:28:22.13,35.90233,-120.44666,5.013,2.51,Md,13,145,5,0.04,NCSN,30506243
2004/09/28 17:29:22.66,35.83467,-120.38383,8.27,3.29,ML,26,73,3,0.04,NCSN,30506245
2004/09/28 17:29:41.19,35.82667,-120.37183,8.555,3.24,ML,13,73,2,0.02,NCSN,30506246
2004/09/28 17:32:23.48,35.85183,-120.393,4.455,2.63,Md,23,84,3,0.07,NCSN,30506248
2004/09/28 17:33:55.47,35.81533,-120.363,6.418,3.7,ML,57,25,2,0.03,NCSN,21400462
2004/09/28 17:35:17.81,35.947,-120.4895,9.525,3.55,ML,20,156,1,0.03,NCSN,30506251
2004/09/28 17:38:38.65,35.84417,-120.38084,-0.541,2.73,Md,28,44,2,0.31,NCSN,30506254
2004/09/28 17:39:13.95,35.93817,-120.48634,9.439,2.55,Md,25,49,2,0.06,NCSN,30506255
2004/09/28 17:41:09.68,35.9135,-120.45766,5.922,2.89,Md,57,41,4,0.06,NCSN,21400760
2004/09/28 17:48:56.96,35.8745,-120.42367,4.347,3.09,Md,18,102,2,0.04,NCSN,30500818
2004/09/28 17:49:03.26,35.85533,-120.40366,4.357,2.68,Md,29,39,3,0.07,NCSN,30500819
2004/09/28 17:57:43.87,35.781,-120.33083,8.338,2.66,Md,52,46,6,0.05,NCSN,21400463
2004/09/28 18:02:22.09,35.89917,-120.44133,5.963,2.53,Md,20,52,4,0.04,NCSN,30506263
2004/09/28 18:09:36.34,35.81667,-120.39817,1.385,2.84,Md,26,72,2,0.34,NCSN,30500837
2004/09/28 18:45:00.98,35.85167,-120.39616,4.836,2.77,Md,51,40,2,0.04,NCSN,21400467
2004/09/28 19:02:27.89,35.92216,-120.47234,5.394,2.68,Md,49,54,2,0.06,NCSN,21400470
2004/09/28 19:23:39.43,35.8285,-120.38017,5.993,3.06,ML,46,28,2,0.05,NCSN,30506310
2004/09/28 19:31:27.81,35.8385,-120.388,8.683,4.03,Mw,59,33,1,0.03,NCSN,21400474
2004/09/28 19:40:23.52,35.78117,-120.33134,8.428,2.85,Md,55,42,6,0.04,NCSN,21400518
2004/09/28 19:59:27.68,35.90434,-120.44833,5.814,3.19,Md,58,40,4,0.06,NCSN,21400475
2004/09/28 20:00:20.47,35.905,-120.44817,4.578,2.5,Md,17,66,5,0.04,NCSN,30506316
2004/09/28 20:05:51.49,35.87417,-120.42416,5.436,2.63,Md,50,40,2,0.05,NCSN,21400476
2004/09/28 20:18:12.32,35.93583,-120.48217,8.914,2.59,Md,52,40,3,0.06,NCSN,21400479
2004/09/28 21:01:37.49,35.9185,-120.47017,5.104,2.59,Md,51,38,2,0.06,NCSN,21400487
2004/09/28 21:49:23.49,35.78,-120.33134,8.408,2.94,Md,56,42,6,0.04,NCSN,21400488
2004/09/28 22:22:52.30,35.91917,-120.47017,5.074,2.65,Md,52,39,2,0.06,NCSN,21400500
2004/09/29 01:53:35.14,35.8975,-120.44083,5.874,3.41,ML,59,39,4,0.07,NCSN,21400562
2004/09/29 02:33:45.02,35.8535,-120.3955,4.762,3.06,Md,56,40,2,0.04,NCSN,21400579
2004/09/29 02:42:49.60,35.8785,-120.42783,5.626,2.94,Md,53,42,2,0.04,NCSN,21400733
2004/09/29 03:58:21.05,35.9135,-120.45567,5.655,2.59,Md,15,72,4,0.06,NCSN,30500795
2004/09/29 04:33:58.48,35.92283,-120.47183,5.04,2.62,Md,39,41,4,0.06,NCSN,30500786
2004/09/29 06:51:23.51,35.88334,-120.4265,5.736,2.9,Md,53,44,2,0.05,NCSN,21401978
2004/09/29 09:02:11.15,35.92017,-120.4735,5.143,2.64,Md,40,51,4,0.06,NCSN,30500891
2004/09/29 16:11:51.75,36.1385,-120.2045,9.092,3.07,ML,39,169,12,0.07,NCSN,21400934
2004/09/29 16:31:55.16,35.92267,-120.46883,4.694,2.9,Md,49,37,2,0.07,NCSN,21400963
2004/09/29 17:10:04.03,35.95367,-120.50217,10.772,5,Mw,62,33,0,0.07,NCSN,21401069
2004/09/30 00:53:47.42,35.90933,-120.454,5.854,2.79,Md,50,41,3,0.06,NCSN,21400895
2004/09/30 05:02:27.16,35.9555,-120.50484,9.272,3.48,ML,60,34,1,0.05,NCSN,21401221
2004/09/30 08:20:35.19,35.87967,-120.43066,4.96,2.69,Md,40,43,3,0.05,NCSN,21401131
2004/09/30 18:54:28.84,35.988,-120.53783,9.889,4.88,Mw,63,27,2,0.05,NCSN,21401170
2004/09/30 18:57:40.40,35.85917,-120.4045,4.496,2.64,Md,20,69,3,0.02,NCSN,30506460
2004/09/30 20:47:15.33,35.95617,-120.495,13.21,2.68,Md,34,57,3,0.07,NCSN,21401157
2004/10/01 13:26:39.88,35.92367,-120.47633,5.23,2.95,Md,49,39,4,0.06,NCSN,21401629
2004/10/01 20:43:19.49,35.86517,-120.41417,8.562,3.44,ML,59,39,2,0.04,NCSN,21401909
2004/10/01 20:58:19.87,35.90517,-120.44833,5.794,3.05,Md,53,40,4,0.05,NCSN,21402433
2004/10/02 07:04:26.72,35.79317,-120.34283,9.712,3.19,ML,56,39,4,0.04,NCSN,21402406
2004/10/02 07:45:40.08,35.84967,-120.39516,4.689,2.63,Md,32,56,2,0.05,NCSN,21402425
2004/10/02 11:41:20.88,35.883,-120.42633,5.566,2.78,Md,53,38,2,0.05,NCSN,21402566
2004/10/02 22:12:40.55,35.93917,-120.4865,9.833,3.13,ML,51,42,2,0.06,NCSN,21402778
2004/10/03 02:11:15.39,36.1615,-120.66417,4.338,2.86,Md,57,52,8,0.12,NCSN,21402827
2004/10/03 09:29:58.02,35.86017,-120.4085,8.662,2.94,Md,58,39,2,0.03,NCSN,21403416
2004/10/03 21:14:47.75,35.92367,-120.47166,5.244,2.68,Md,58,42,2,0.06,NCSN,21403472
2004/10/03 21:41:30.24,35.8575,-120.40283,5.042,2.56,Md,52,40,2,0.04,NCSN,21403307
2004/10/04 04:40:54.64,35.8425,-120.38416,3.989,2.63,Md,39,58,1,0.05,NCSN,21403153
2004/10/04 05:45:23.14,35.852,-120.396,4.982,2.69,Md,54,39,2,0.04,NCSN,21403193
2004/10/04 21:07:33.44,35.8985,-120.4395,4.604,2.71,Md,41,53,4,0.07,NCSN,21405224
2004/10/05 01:57:09.65,35.92083,-120.46833,5.35,2.57,Md,19,91,4,0.05,NCSN,21404687
2004/10/08 10:44:41.77,35.85333,-120.39667,4.625,3.01,Md,55,40,2,0.04,NCSN,21405611
2004/10/08 23:22:19.83,36.0205,-120.57933,4.265,2.77,Md,58,43,4,0.08,NCSN,21406038
2004/10/09 01:11:48.75,36.02067,-120.58283,4.14,2.54,Md,45,56,4,0.07,NCSN,21405695
2004/10/11 14:46:18.34,35.9285,-120.4765,5.267,2.53,Md,14,103,3,0.04,NCSN,21406847
2004/10/13 21:46:39.50,35.79633,-120.34717,10.153,3.38,ML,60,36,3,0.05,NCSN,21409363
2004/10/17 05:57:02.55,35.89867,-120.44117,5.904,3.06,ML,59,39,4,0.07,NCSN,21410825
2004/10/17 18:38:24.15,36.05267,-120.60867,10.535,2.52,Md,50,64,2,0.06,NCSN,21411089
2004/10/20 17:12:22.72,35.92283,-120.46967,4.436,2.91,Md,48,43,4,0.07,NCSN,21411884
2004/10/21 01:51:01.06,35.85767,-120.40366,4.865,2.5,Md,42,54,2,0.04,NCSN,21411945
2004/10/21 07:38:43.01,36.24183,-120.8015,6.461,2.91,Md,59,68,3,0.06,NCSN,21412002
2004/10/23 03:44:41.74,35.91,-120.4525,5.94,2.73,Md,46,42,4,0.06,NCSN,21413404
2004/10/23 07:55:17.75,35.88317,-120.42667,5.806,2.98,Md,58,44,2,0.05,NCSN,21413548
2004/10/24 03:41:16.21,35.92667,-120.47266,9.264,2.84,Md,59,43,2,0.06,NCSN,21413873
2004/10/26 23:59:24.35,35.99567,-120.4335,15.593,2.76,Md,5,328,7,0.04,NCSN,21414753
2004/10/28 04:29:20.26,36.58567,-120.7045,9.05,2.79,Md,70,48,12,0.14,NCSN,21415078
2004/10/29 03:32:43.62,35.7845,-120.33317,8.678,3.35,ML,58,42,1,0.05,NCSN,21415362
2004/11/01 18:52:31.13,35.84267,-120.38383,4.129,2.51,Md,37,58,2,0.06,NCSN,21416364
2004/11/02 10:26:11.96,35.93467,-120.4865,4.763,3.28,ML,16,103,3,0.04,NCSN,21416567
2004/11/04 09:52:57.01,35.90583,-120.45016,5.671,2.61,Md,43,54,3,0.05,NCSN,21417120
2004/11/07 01:57:48.31,35.934,-120.48734,5.293,3.55,Md,11,155,3,0.03,NCSN,21417793
2004/11/10 06:54:59.20,35.89533,-120.43884,6.131,2.6,Md,23,58,4,0.06,NCSN,21418632
2004/11/12 07:35:25.32,35.94983,-120.49883,13.69,2.66,Md,55,37,1,0.08,NCSN,21419100
2004/11/13 23:14:05.01,35.92883,-120.47667,9.874,3.14,ML,56,40,2,0.06,NCSN,21419513
2004/11/16 07:32:00.82,35.85367,-120.39633,4.645,2.98,Md,54,40,2,0.05,NCSN,21420094
2004/11/16 09:34:05.02,35.78183,-120.329,8.403,3.15,ML,54,42,1,0.05,NCSN,21420114
2004/11/16 10:21:16.19,35.8525,-120.396,5.105,2.68,Md,51,57,2,0.04,NCSN,21420121
2004/11/17 11:15:19.92,35.95817,-120.51234,13.442,2.65,Md,50,33,1,0.07,NCSN,21420440
2004/11/19 02:56:00.67,35.86,-120.40833,8.625,3.72,Mw,62,39,2,0.04,NCSN,21420919
2004/11/22 14:10:41.20,35.94483,-120.49084,9.424,3.44,ML,65,37,1,0.06,NCSN,21421800
2004/11/24 05:12:16.03,35.77934,-120.32633,8.368,2.98,Md,58,40,1,0.04,NCSN,21422213
2004/11/27 05:19:40.12,35.93884,-120.4855,9.837,3.24,ML,58,38,2,0.06,NCSN,21423126
2004/11/29 01:54:14.51,35.94483,-120.49233,9.664,4.17,Mw,65,37,1,0.06,NCSN,21423530
2004/12/04 05:39:35.34,35.9425,-120.48983,10.47,3.35,ML,67,32,2,0.06,NCSN,21424965
2004/12/04 05:47:17.35,35.94417,-120.48967,10.424,2.63,Md,58,37,1,0.06,NCSN,21424966
2004/12/04 11:41:56.36,35.85583,-120.40633,8.505,2.51,Md,60,39,2,0.04,NCSN,21425003
2004/12/11 13:14:33.55,36.3385,-120.88633,10.313,2.53,Md,58,52,5,0.07,NCSN,21426645
2004/12/14 19:10:46.09,35.88283,-120.42767,5.606,2.58,Md,49,44,2,0.04,NCSN,21427313
2004/12/14 23:27:28.87,36.0085,-120.614,5.88,2.93,Md,6,158,27,0.08,NCSN,30506638
2004/12/16 13:46:25.90,36.02983,-120.0745,4.626,2.56,Md,53,196,5,0.08,NCSN,21427780
2004/12/18 23:31:48.79,35.94267,-120.497,13.347,2.66,Md,60,36,2,0.07,NCSN,21428128
2004/12/21 04:10:33.31,35.9735,-120.529,4.392,2.78,Md,60,30,2,0.07,NCSN,21428897
2004/12/27 23:08:47.03,36.18317,-120.30583,9.617,2.74,Md,29,101,11,0.08,NCSN,30506667
2005/01/03 13:29:11.60,36.0485,-120.6075,3.513,2.66,Md,43,56,2,0.07,NCSN,21431738
2005/01/20 11:18:14.94,36.53183,-120.70433,8.204,2.63,Md,48,89,17,0.1,NCSN,21434560
2005/01/22 13:04:05.96,35.887,-120.431,10.631,2.6,Md,28,59,3,0.05,NCSN,21435095
2005/01/28 13:03:26.32,36.04617,-120.042,9.566,3.85,Mw,62,99,6,0.22,NCSN,21436234
2005/01/28 13:08:30.06,36.0465,-120.04483,8.196,2.52,Md,47,169,6,0.19,NCSN,21436235
2005/01/28 13:26:14.27,36.045,-120.04433,8.436,2.96,Md,60,122,6,0.19,NCSN,21436236
2005/01/28 18:47:08.07,36.04333,-120.01933,8.766,2.56,Md,51,192,8,0.16,NCSN,21436284
2005/01/30 13:23:15.05,36.04867,-120.025,9.201,3.08,ML,52,176,8,0.12,NCSN,21436496
2005/01/31 17:13:52.49,36.51417,-120.66917,6.35,2.6,Md,68,80,21,0.21,NCSN,21436669
2005/02/03 16:13:19.88,35.92233,-120.46967,4.7,2.76,Md,53,43,4,0.07,NCSN,21437263
2005/02/08 22:00:48.89,35.95383,-120.50533,9.042,3.54,Mw,65,39,1,0.06,NCSN,21438324
2005/02/11 09:04:21.63,35.84267,-120.3835,4.339,2.52,Md,50,58,2,0.05,NCSN,21438867
2005/03/08 13:41:43.03,35.792,-120.344,9.38,2.52,Md,48,39,2,0.05,NCSN,21444045
2005/03/13 03:00:04.83,36.014,-120.57166,4.063,2.68,Md,63,45,3,0.06,NCSN,21445004
2005/03/16 23:47:13.85,35.9305,-119.97,28.025,3.18,Md,52,179,8,0.28,NCSN,21445777
2005/03/20 18:03:54.75,36.43433,-120.59883,15.736,2.59,Md,44,51,21,0.17,NCSN,21446480
2005/03/20 18:05:11.56,35.8525,-120.39684,4.845,2.53,Md,39,56,2,0.05,NCSN,30506802
2005/03/22 12:11:37.50,36.004,-120.5635,4.163,2.65,Md,54,81,2,0.07,NCSN,21446653
2005/03/22 17:59:20.88,35.93717,-120.494,5.14,2.62,Md,12,130,2,0.04,NCSN,21446707
2005/03/26 04:36:48.83,35.83883,-120.387,6.459,3.68,Mw,60,33,1,0.04,NCSN,21447168
2005/03/28 06:50:59.80,35.91017,-120.45467,5.794,2.66,Md,51,53,3,0.06,NCSN,21447502
2005/04/01 10:25:53.18,35.845,-120.39317,6.415,3.07,Md,57,37,1,0.04,NCSN,21448001
2005/04/01 19:11:30.00,35.95817,-120.506,13.662,2.82,Md,55,34,1,0.08,NCSN,21448062
2005/04/08 01:23:09.37,36.791,-120.57017,11.278,2.85,Md,11,187,90,0.5,NCSN,30506822
2005/04/16 10:13:15.33,35.89083,-120.4345,8.014,3.45,Mw,60,35,3,0.06,NCSN,21450190
2005/05/03 21:02:50.59,35.952,-120.495,13.624,3.18,Md,60,29,1,0.08,NCSN,21453859
2005/05/04 21:31:16.17,36.002,-120.55733,4.265,2.77,Md,47,49,2,0.07,NCSN,21454205
2005/05/09 13:08:36.80,35.92967,-120.47633,9.57,3.08,ML,59,52,2,0.06,NCSN,21455482
2005/05/11 23:25:59.67,36.07067,-120.64167,5.394,2.77,Md,65,29,9,0.08,NCSN,21456027
2005/05/16 07:24:37.51,35.92883,-120.477,9.476,4.48,Mw,48,62,4,0.05,NCSN,21456837
2005/05/16 08:10:23.60,35.932,-120.48233,9.636,2.63,Md,43,56,3,0.06,NCSN,21456848
2005/05/16 19:38:43.07,35.94,-120.48734,9.527,3.02,ML,62,36,2,0.07,NCSN,21456972
2005/05/16 19:50:52.77,35.939,-120.4865,9.75,3.16,ML,65,36,2,0.06,NCSN,21456975
2005/05/26 04:59:45.65,36.0205,-120.57833,4.288,2.67,Md,58,72,4,0.06,NCSN,21458648
2005/06/02 05:53:24.85,36.08283,-120.15784,15.116,2.8,Md,67,73,5,0.1,NCSN,21460022
2005/06/02 05:59:54.06,36.07983,-120.15784,15.036,3.02,Md,66,69,5,0.1,NCSN,21460024
2005/06/02 06:11:02.70,36.08117,-120.14917,15.426,3.34,ML,64,130,4,0.1,NCSN,21460028
2005/06/02 09:33:03.09,36.077,-120.15434,15.356,2.9,Md,69,67,4,0.15,NCSN,21460057
2005/06/03 08:03:08.71,36.08467,-120.1325,15.235,3.03,Md,16,151,3,0.08,NCSN,30506929
2005/06/03 08:03:18.48,36.0815,-120.15383,13.576,2.55,Md,48,101,5,0.13,NCSN,21460289
2005/06/04 23:52:36.22,36.2385,-120.276,12.6,3.57,ML,62,56,14,0.09,NCSN,21460608
2005/06/07 03:11:02.34,36.06,-120.1555,17.888,2.5,Md,55,127,22,0.13,NCSN,21461007
2005/06/16 11:37:51.46,36.08283,-120.14783,15.517,3.54,ML,66,133,4,0.13,NCSN,21462938
2005/06/28 15:34:11.82,36.02917,-120.58417,4.608,2.82,Md,58,42,5,0.05,NCSN,21465994
2005/06/29 06:01:05.84,36.0865,-120.1505,18.112,2.55,Md,48,126,19,0.07,NCSN,21466122
2005/06/29 17:20:31.18,35.98583,-120.45517,23.157,3.93,Md,10,127,5,0.22,NCSN,21466200
2005/07/03 06:18:19.54,36.086,-120.15017,14.322,3.09,Md,60,81,5,0.11,NCSN,21467000
2005/07/06 17:14:59.96,35.97383,-120.5285,4.332,2.78,Md,56,44,1,0.07,NCSN,21467542
2005/07/13 23:56:15.26,35.88183,-120.42834,5.806,2.9,Md,61,43,2,0.06,NCSN,21468908
2005/07/17 07:10:57.49,35.898,-120.44133,5.844,2.62,Md,57,45,4,0.07,NCSN,21469667
2005/07/18 23:48:55.56,36.07133,-120.64983,1.424,2.76,Md,69,38,5,0.14,NCSN,21470023
2005/07/27 04:44:08.44,36.00767,-120.5655,4.343,2.64,Md,63,55,3,0.06,NCSN,21472422
2005/07/29 14:47:33.32,36.09983,-120.20966,8.812,3.1,Md,48,81,10,0.06,NCSN,21473003
2005/07/29 18:31:12.06,36.107,-120.21183,8.745,3.02,Md,17,229,11,0.04,NCSN,21473035
2005/08/25 01:06:49.75,35.90567,-120.44967,5.904,3.02,ML,66,40,3,0.06,NCSN,21479473
2005/08/30 10:42:32.16,35.85367,-120.39667,4.625,3,Md,59,40,2,0.05,NCSN,21480557
2005/09/02 05:16:03.96,36.34417,-120.6335,10.807,2.59,Md,78,92,13,0.13,NCSN,21481152
2005/09/03 19:59:55.28,35.85167,-119.935,5.138,2.68,Md,54,199,2,0.26,NCSN,21481407
2005/09/07 12:20:25.45,35.855,-119.95333,4.388,2.94,Md,72,155,1,0.24,NCSN,21482008
2005/10/05 03:14:11.47,36.0985,-120.2115,8.832,2.84,Md,43,80,10,0.07,NCSN,21487799
2005/10/05 10:50:39.35,36.05533,-120.05267,8.887,2.73,Md,71,141,5,0.12,NCSN,21487837
2005/10/17 06:09:52.60,35.92367,-120.47533,4.904,3.11,Md,59,45,2,0.07,NCSN,21489887
2005/11/06 18:28:36.69,35.83717,-119.95167,10.321,2.91,Md,48,114,3,0.18,NCSN,21493898
2005/11/09 07:51:19.14,36.1615,-120.73417,8.244,2.61,Md,69,134,6,0.08,NCSN,21494362
2005/11/22 03:38:02.13,36.01,-120.56917,4.423,2.63,Md,61,67,3,0.09,NCSN,21496029
2005/12/06 08:28:29.90,35.79233,-120.34517,9.523,3.13,ML,54,38,2,0.05,NCSN,21498127
2005/12/08 11:42:34.15,36.06067,-120.0155,21.484,3.42,ML,126,36,23,0.21,NCSN,21498623
2005/12/11 22:42:22.74,36.62017,-120.7945,3.067,2.65,Md,74,89,21,0.11,NCSN,21499219
2005/12/17 11:43:08.80,35.80483,-120.35217,6.343,2.77,Md,55,54,3,0.05,NCSN,21500019
2005/12/17 21:04:46.23,36.15467,-120.05917,8.289,2.55,Md,43,176,11,0.11,NCSN,21500051
2005/12/20 10:49:57.44,36.16983,-120.73434,8.639,2.87,Md,56,62,7,0.07,NCSN,21500325
2005/12/20 11:26:21.59,36.17283,-120.73083,8.779,3.08,Md,59,63,7,0.07,NCSN,21500330
2005/12/23 17:58:26.85,35.84333,-120.38284,4.29,2.53,Md,48,36,3,0.07,NCSN,21500612
2005/12/24 10:10:57.21,35.997,-120.5565,3.233,3,ML,53,47,2,0.09,NCSN,21500702
2005/12/31 21:31:28.37,35.975,-119.8295,25.082,3.92,ML,76,63,17,0.32,NCSN,21501572
2006/01/03 10:08:37.87,36.01717,-120.6075,-0.181,2.61,Md,39,55,6,0.37,NCSN,21501821
2006/01/14 12:17:10.25,36.06333,-120.0225,26.432,2.53,Md,20,316,32,0.08,NCSN,21502886
2006/01/17 08:34:18.03,36.3815,-120.74433,13.178,2.54,Md,61,90,7,0.32,NCSN,21503138
2006/02/05 19:05:17.04,35.7075,-120.25517,12.435,2.54,Md,48,81,7,0.08,NCSN,21505166
2006/02/06 04:55:39.29,35.81917,-119.91267,11.909,3.25,Md,63,154,6,0.23,NCSN,21505216
2006/02/09 22:23:24.34,36.2885,-120.849,9.843,2.57,Md,64,59,8,0.09,NCSN,21505618
2006/02/25 07:53:10.70,36.04517,-120.60934,4.791,2.56,Md,57,59,8,0.08,NCSN,21507532
2006/03/11 17:03:16.01,36.11934,-120.702,4.987,2.59,Md,43,90,15,0.12,NCSN,21509024
2006/03/14 05:04:35.29,35.85217,-120.39616,4.987,2.51,Md,43,39,2,0.06,NCSN,21509311
2006/03/23 17:29:22.97,35.77183,-120.32267,8.548,2.8,Md,53,37,2,0.06,NCSN,21510349
2006/04/01 23:35:13.13,36.98667,-120.79533,-0.193,2.66,Md,56,103,15,0.21,NCSN,21511377
2006/04/02 08:16:56.53,35.96267,-119.87534,21.662,3.08,ML,59,61,13,0.23,NCSN,21511405
2006/04/06 05:09:06.84,36.98633,-120.7845,7.797,2.73,Md,51,146,16,0.16,NCSN,21511837
2006/04/19 00:20:32.11,36.2325,-120.79967,8.127,2.84,Md,68,66,2,0.11,NCSN,21513383
2006/04/25 05:58:19.37,36.02983,-120.07533,24.051,2.5,Md,13,233,5,0.15,NCSN,21514245
2006/05/04 16:35:36.81,36.613,-120.54517,8.013,2.5,Md,60,86,23,0.22,NCSN,21515520
2006/05/07 08:55:16.38,36.04716,-120.60934,8.418,2.51,Md,57,38,3,0.09,NCSN,21516016
2006/05/13 14:43:42.55,36.0025,-120.56316,3.506,2.62,Md,57,47,3,0.09,NCSN,21517276
2006/05/26 00:30:33.10,35.9735,-120.53,4.175,2.68,Md,56,28,2,0.09,NCSN,21519099
2006/06/01 23:58:10.55,35.95867,-120.50317,4.598,3.02,Md,6,159,1,0.06,NCSN,70032341
2006/06/08 06:54:17.34,36.06533,-120.10316,14.767,2.57,Md,57,145,1,0.11,NCSN,21521275
2006/06/08 07:00:44.11,36.06417,-120.09617,15.737,2.67,Md,60,97,1,0.12,NCSN,21521277
2006/06/08 19:56:02.54,36.05933,-120.10966,14.247,2.9,Md,67,103,0,0.14,NCSN,21521351
2006/06/14 12:52:15.06,35.9415,-120.48917,10.69,3.27,ML,57,33,2,0.08,NCSN,21522266
2006/06/18 02:57:35.90,36.29533,-120.34,5.879,2.89,Md,51,171,5,0.12,NCSN,21522940
2006/06/27 19:40:38.08,36.19417,-120.76483,7.777,3.02,Md,62,63,4,0.1,NCSN,21524527
2006/06/27 21:38:11.87,36.06583,-120.19217,16.482,3.19,ML,57,69,7,0.1,NCSN,21524551
2006/07/06 06:06:28.15,35.898,-120.441,5.964,3.27,ML,59,39,4,0.07,NCSN,21525987
2006/07/07 19:31:55.84,36.00267,-120.554,12.683,2.8,Md,50,70,2,0.08,NCSN,21526211
2006/07/14 01:05:36.59,35.9275,-120.47833,9.554,3.16,ML,65,38,2,0.08,NCSN,21527162
2006/08/07 09:08:45.44,36.20433,-120.32933,10.153,2.91,Md,45,55,5,0.08,NCSN,21531052
2006/08/25 20:00:44.46,36.55233,-120.6925,4.633,2.8,Md,100,42,15,0.2,NCSN,21533944
2006/09/01 15:08:16.84,36.56116,-120.59917,4.63,2.77,Md,63,82,21,0.19,NCSN,21534898
2006/09/08 16:41:41.41,36.20483,-120.27,9.719,2.56,Md,45,64,8,0.12,NCSN,21535997
2006/09/29 22:49:45.96,36.04867,-120.08617,8.012,2.91,Md,11,227,3,0.32,NCSN,21539703
2006/10/07 12:54:20.94,36.11767,-120.94867,10.969,2.77,Md,72,38,12,0.09,NCSN,21541193
2006/10/14 02:24:29.33,36.2725,-119.81734,17.781,2.53,Md,51,154,35,0.22,NCSN,30230936
2006/10/31 20:26:06.92,35.8555,-120.40733,8.765,3.63,ML,71,39,2,0.05,NCSN,21545945
2006/11/07 19:08:49.56,36.02817,-120.0695,6.847,2.52,Md,50,153,5,0.09,NCSN,21547124
2006/11/13 09:19:39.12,36.23867,-120.80733,6.573,3.02,ML,75,73,3,0.1,NCSN,21547806
2006/11/27 03:30:36.96,36.06933,-120.1885,15.522,2.53,Md,51,72,7,0.1,NCSN,21549521
2006/11/27 10:19:41.87,36.0695,-120.1785,16.642,2.8,Md,63,75,6,0.11,NCSN,21549559
2006/12/02 06:47:43.55,36.006,-120.56783,4.433,2.66,Md,76,40,3,0.09,NCSN,51176458
2006/12/12 04:00:45.26,36.1875,-120.3165,10.219,2.72,Md,71,55,7,0.14,NCSN,51176751
2006/12/15 19:21:55.92,36.172,-120.2915,9.659,3.88,ML,73,61,10,0.11,NCSN,51176830
2006/12/16 06:14:05.35,36.17383,-120.29366,9.619,4.2,Mw,72,93,9,0.09,NCSN,51176849
2007/01/02 01:48:16.29,35.93833,-120.48967,9.793,3.09,ML,64,28,2,0.09,NCSN,51177358
2007/01/02 22:46:29.67,36.077,-119.81866,20.618,2.57,Md,63,65,25,0.21,NCSN,51177376
2007/01/05 06:25:57.00,36.2495,-120.83266,6.729,2.55,Md,67,70,5,0.13,NCSN,40192350
2007/01/09 22:33:45.25,35.94083,-120.49233,9.683,2.93,Md,73,24,2,0.08,NCSN,51177559
2007/01/13 09:57:46.55,35.92083,-119.943,7.8,2.57,Md,53,167,7,0.27,NCSN,51177667
2007/02/04 14:47:40.13,35.84717,-119.7295,21.866,2.6,Md,65,40,16,0.19,NCSN,40193265
2007/02/24 02:12:54.93,36.082,-120.19817,12.976,2.75,Md,28,78,8,0.07,NCSN,40193846
2007/02/26 07:18:23.10,36.24333,-120.68383,14.365,2.67,Md,71,73,8,0.16,NCSN,40193922
2007/03/13 00:45:41.39,35.8695,-120.67516,29.624,2.69,Md,5,337,14,0.05,NCSN,40194485
2007/03/19 22:55:55.42,35.779,-120.33234,8.524,3.11,ML,82,41,1,0.08,NCSN,40194754
2007/03/20 05:32:02.15,35.77934,-120.3335,8.558,2.72,Md,69,45,1,0.08,NCSN,40194774
2007/03/28 10:42:30.21,36.00083,-120.56116,4.143,2.77,Md,95,39,2,0.09,NCSN,40195069
2007/04/03 05:08:23.94,36.25067,-120.81267,6.199,3.3,ML,83,67,4,0.09,NCSN,40195283
2007/04/03 21:22:55.82,36.247,-120.81633,6.499,2.69,Md,99,63,4,0.11,NCSN,40195306
2007/04/08 23:36:07.55,35.8535,-120.39433,3.976,2.69,Md,21,68,2,0.08,NCSN,40195438
2007/05/07 15:50:49.79,35.97283,-120.53567,5.565,2.58,Md,81,28,1,0.1,NCSN,51181658
2007/05/22 11:34:12.15,35.86133,-120.41217,8.632,4.01,Mw,77,42,2,0.07,NCSN,51182151
2007/06/14 21:50:48.81,36.4955,-120.6135,4.92,2.5,Md,49,48,21,0.22,NCSN,51183108
2007/06/14 21:52:24.11,36.5335,-120.577,2.82,2.57,Md,58,84,26,0.3,NCSN,51183109
2007/07/06 22:33:41.81,35.36934,-119.92167,7.334,2.8,Md,8,153,7,0.05,NCSN,51183863
2007/07/07 01:08:04.12,35.37017,-119.919,6.994,2.65,Md,8,154,7,0.04,NCSN,51183868
2007/07/26 21:39:35.26,35.98734,-119.966,24.704,2.84,Md,51,162,14,0.21,NCSN,51184534
2007/07/30 03:24:31.86,37.008,-120.77433,0.875,2.95,ML,74,57,19,0.26,NCSN,51184673
2007/08/02 11:46:03.65,36.086,-120.43034,6.989,3.07,ML,65,51,5,0.1,NCSN,40199737
2007/08/28 14:02:25.02,35.94883,-120.49866,10.704,3.2,ML,81,35,1,0.11,NCSN,51185996
2007/09/13 00:51:42.26,36.24333,-120.30883,11.639,3.94,ML,62,50,3,0.09,NCSN,40201735
2007/09/19 20:49:31.70,36.01867,-120.58183,4.428,2.71,Md,77,41,4,0.1,NCSN,40202185
2007/09/27 08:58:57.42,36.00217,-120.56416,4.613,2.62,Md,78,46,3,0.12,NCSN,40202724
2007/10/12 04:41:53.58,36.31683,-120.8685,8.995,2.75,Md,61,42,6,0.08,NCSN,40203567
2007/11/29 14:20:23.32,36.12717,-120.2325,10.532,2.67,Md,48,79,13,0.1,NCSN,40206450
2007/11/29 15:28:13.93,36.12817,-120.233,11.152,2.54,Md,45,79,13,0.11,NCSN,40206455
2007/12/07 02:12:36.44,35.97267,-120.53133,4.445,2.7,Md,86,29,2,0.11,NCSN,40206995
2007/12/20 09:30:30.65,35.6965,-120.24,10.255,2.56,Md,53,75,4,0.1,NCSN,51192864
2007/12/27 12:39:57.75,35.92317,-120.47317,5.54,2.89,Md,66,48,2,0.09,NCSN,51193303
2008/01/04 17:19:14.28,36.03133,-120.02883,8.507,2.81,Md,64,100,8,0.22,NCSN,51193986
2008/01/14 11:36:35.19,35.77767,-120.33134,8.284,2.76,Md,71,39,3,0.08,NCSN,51194564
2008/01/16 00:48:30.67,36.23317,-120.36884,9.553,2.54,Md,61,43,3,0.09,NCSN,51194702
2008/01/18 12:38:20.46,35.7975,-120.34817,10.059,2.92,Md,72,53,4,0.07,NCSN,51194846
2008/01/18 16:24:19.54,35.79683,-120.35133,10.239,2.89,Md,79,42,4,0.1,NCSN,51194860
2008/01/20 11:16:39.46,35.929,-119.73867,20.768,2.79,Md,54,45,21,0.19,NCSN,51194980
2008/02/01 04:56:28.42,36.06617,-120.18483,17.542,3.56,ML,76,48,7,0.12,NCSN,40210467
2008/02/01 08:28:29.25,36.07067,-120.19,14.932,2.5,Md,58,51,7,0.09,NCSN,40210485
2008/03/01 08:15:41.29,36.05433,-120.16333,9.702,2.83,Md,86,60,5,0.14,NCSN,51197352
2008/05/02 15:31:36.82,36.02583,-120.58817,4.698,2.84,Md,79,43,5,0.1,NCSN,40216855
2008/05/05 15:23:36.29,35.69283,-120.24267,9.345,2.5,Md,68,75,4,0.09,NCSN,40217075
2008/05/15 07:55:18.49,35.838,-120.3895,8.775,3.22,ML,87,33,1,0.09,NCSN,51202717
2008/06/15 05:26:54.23,35.99617,-120.5605,3.393,3.23,ML,85,39,3,0.12,NCSN,40219237
2008/06/22 00:23:36.12,36.076,-120.6395,5.824,3.19,ML,91,26,4,0.11,NCSN,40219568
2008/08/08 02:05:39.73,35.92933,-120.06783,19.248,2.62,Md,38,79,12,0.22,NCSN,40221680
2008/09/22 18:09:10.82,36.2305,-120.287,13.327,2.5,Md,52,221,31,0.12,NCSN,51208495
2008/09/24 02:52:43.78,36.75917,-120.86967,8.056,2.65,Md,77,176,19,0.09,NCSN,51208565
2008/10/06 14:48:10.27,36.10417,-119.83417,14.869,3,ML,57,116,25,0.18,NCSN,51209072
2008/10/06 17:04:52.27,36.09017,-119.8315,6.262,2.87,Md,63,88,28,0.24,NCSN,51209078
2008/10/28 17:09:05.28,36.2335,-120.274,5.799,2.52,Md,90,100,32,0.14,NCSN,51210262
2008/11/01 23:44:10.39,36.5755,-120.707,11.492,2.7,Md,39,81,12,0.15,NCSN,51210449
2008/11/04 09:44:25.79,36.0795,-120.17783,13.911,2.93,Md,67,61,6,0.13,NCSN,51210580
2008/11/05 03:21:39.39,36.23817,-120.35883,9.479,2.77,Md,44,82,2,0.08,NCSN,51210632
2008/11/05 16:05:48.86,36.079,-120.15633,16.921,3.4,Mw,64,89,5,0.12,NCSN,51210672
2008/11/05 16:28:47.02,36.08417,-120.17133,12.952,2.61,Md,63,67,6,0.13,NCSN,51210676
2008/11/11 09:48:05.85,36.003,-120.5695,4.333,2.56,Md,63,43,3,0.13,NCSN,51211004
2008/11/17 14:27:28.88,36.012,-120.87767,11.462,3.34,Mw,96,39,2,0.18,NCSN,51211390
2008/11/17 16:23:58.59,36.00817,-120.876,10.604,2.72,Md,86,39,2,0.14,NCSN,51211400
2008/11/21 06:21:27.14,36.288,-120.84967,10.137,2.62,Md,62,66,8,0.09,NCSN,40226474
2008/11/23 14:44:05.11,35.82784,-120.38084,6.675,3.48,ML,75,27,2,0.09,NCSN,40226649
2008/11/23 21:33:03.19,36.43767,-120.6615,16.632,2.87,Md,80,79,16,0.14,NCSN,40226672
2009/01/06 12:18:50.83,36.34417,-120.91666,3.955,2.75,Md,74,52,3,0.1,NCSN,51214740
2009/01/09 01:45:18.91,35.99283,-119.86967,16.485,2.89,Md,82,97,23,0.21,NCSN,51214907
2009/01/10 14:18:20.71,36.1685,-120.73534,8.827,3.03,ML,85,62,7,0.11,NCSN,51214989
2009/01/10 14:22:33.65,36.17133,-120.732,8.767,2.87,Md,87,62,7,0.1,NCSN,51214990
2009/01/17 07:38:40.79,36.04883,-120.60833,8.668,2.52,Md,78,30,2,0.12,NCSN,40230299
2009/01/28 04:39:14.00,35.92233,-120.47034,4.899,2.9,Md,62,40,2,0.08,NCSN,40230935
2009/01/29 00:20:16.80,36.0725,-120.64633,2.352,2.64,Md,78,39,5,0.14,NCSN,40230984
2009/02/21 08:43:23.18,36.32217,-120.36833,11.274,2.79,Md,77,78,8,0.15,NCSN,40232060
2009/02/21 15:27:06.91,36.42867,-120.95433,7.578,3.2,Mw,77,60,13,0.1,NCSN,40232076
2009/02/26 07:23:02.09,36.00566,-120.875,11.269,2.5,Md,81,31,2,0.16,NCSN,40232315
2009/03/06 14:54:51.20,36.4005,-120.93317,6.478,2.65,Md,79,63,9,0.12,NCSN,40232768
2009/03/09 03:07:52.69,36.401,-120.9335,6.841,3.5,Mw,79,63,8,0.12,NCSN,40232913
2009/03/09 03:15:23.80,36.40267,-120.93667,6.601,3.16,ML,73,84,8,0.11,NCSN,40232914
2009/03/12 13:59:43.14,36.119,-120.18233,8.905,3.28,ML,62,111,9,0.11,NCSN,51218152
2009/03/15 05:23:31.28,36.343,-120.34917,4.154,3.5,Mw,68,95,10,0.15,NCSN,51218275
2009/03/22 16:04:45.89,36.51133,-120.6495,8.037,2.88,ML,109,34,21,0.21,NCSN,40233583
2009/04/02 04:55:46.55,36.12283,-120.69383,6.007,2.58,Md,69,58,3,0.12,NCSN,40234160
2009/04/04 08:10:46.54,36.23317,-120.79517,8.217,2.85,Md,72,66,2,0.09,NCSN,40234265
2009/04/15 15:56:06.85,36.2925,-120.31384,12.176,2.64,Md,59,110,5,0.15,NCSN,51219922
2009/04/22 12:45:59.91,35.9995,-120.56067,4.152,2.65,Md,65,47,2,0.09,NCSN,71212956
2009/04/25 23:42:42.74,36.00217,-120.56367,4.183,2.58,Md,73,40,3,0.09,NCSN,51220498
2009/04/28 05:12:18.71,36.24033,-120.80434,6.377,2.99,ML,78,73,3,0.11,NCSN,51220615
2009/05/02 00:48:52.30,36.04483,-120.609,4.872,2.73,Md,81,46,7,0.1,NCSN,51220833
2009/05/06 13:00:11.20,36.12717,-119.99717,8.538,2.6,Md,44,126,13,0.18,NCSN,51221112
2009/05/08 05:05:55.79,36.34683,-120.73967,10.287,2.79,Md,72,85,8,0.2,NCSN,51221202
2009/06/19 14:13:00.56,35.92467,-120.47633,9.389,2.89,Md,71,37,2,0.08,NCSN,40238384
2009/06/27 23:24:36.16,36.01033,-120.577,4.401,2.66,Md,82,41,4,0.11,NCSN,71240016
2009/06/28 11:06:39.58,36.0965,-120.19466,8.002,2.55,Md,62,87,9,0.12,NCSN,71240236
2009/07/21 12:21:52.20,35.92733,-120.4775,9.69,3.12,ML,74,31,2,0.1,NCSN,71251761
2009/08/20 18:49:21.43,36.19433,-120.76583,7.817,2.95,ML,83,63,4,0.11,NCSN,71268751
2009/09/30 13:05:28.77,36.04883,-120.61533,9.372,2.95,Md,71,70,3,0.11,NCSN,71289516
2009/10/20 14:55:23.86,35.38483,-119.93433,8.148,2.56,Md,47,131,6,0.11,NCSN,71297045
2009/11/28 12:19:25.93,35.96883,-120.532,4.455,2.69,Md,72,33,2,0.12,NCSN,71320246
2009/12/05 13:58:48.37,35.84566,-120.39733,6.455,2.75,Md,73,36,1,0.09,NCSN,71318310
2009/12/11 03:50:43.77,35.936,-120.4885,9.679,3.3,Mw,79,34,2,0.1,NCSN,71320865
2010/02/07 02:01:23.95,35.78267,-120.33517,8.854,3.39,Mw,70,48,1,0.1,NCSN,71349976
2010/02/11 08:33:42.34,35.91483,-120.46584,6.686,3.43,Mw,77,41,2,0.09,NCSN,71352011
2010/03/25 00:59:06.56,36.24183,-120.805,6.487,2.89,Md,83,75,3,0.11,NCSN,71368015
2010/03/25 22:44:49.39,35.95133,-120.50816,9.198,3.4,Mw,88,27,1,0.1,NCSN,71368395
2010/03/27 03:30:06.04,36.40767,-120.43967,13.608,2.59,Md,89,60,10,0.2,NCSN,71368965
2010/04/07 22:40:29.94,35.9415,-120.49416,9.931,3.99,Mw,90,27,2,0.1,NCSN,71379106
2010/04/24 01:47:59.30,36.322,-120.5145,13.717,2.57,Md,70,90,13,0.18,NCSN,71387341
2010/04/26 20:14:58.73,36.5695,-120.38316,8.624,3.34,Mw,119,46,22,0.14,NCSN,71388751
2010/05/02 17:37:00.25,36.5735,-120.37733,11.844,2.99,ML,156,36,22,0.29,NCSN,71391511
2010/05/29 09:20:18.29,36.16633,-120.15933,10.16,2.53,Md,64,115,11,0.17,NCSN,71406181
2010/06/06 22:35:06.57,36.37983,-120.70417,9.658,2.64,Md,97,58,10,0.21,NCSN,71410746
2010/06/23 08:33:41.41,35.48283,-120.02834,10.542,2.57,Md,78,132,8,0.17,NCSN,71414165
2010/07/30 04:47:03.00,36.452,-120.21384,2.539,2.57,Md,55,84,2,0.16,NCSN,71439331
2010/07/30 10:56:51.14,36.43417,-120.22784,6.634,2.85,Md,75,50,1,0.24,NCSN,71439476
2010/07/30 13:19:12.66,36.44633,-120.22533,6.354,2.87,Md,74,74,2,0.17,NCSN,71439526
2010/08/02 04:00:09.11,36.25033,-120.81583,6.207,3.4,Mw,86,69,4,0.11,NCSN,71440641
2010/08/03 18:39:32.32,36.24817,-120.81533,6.317,2.64,Md,78,74,4,0.11,NCSN,71441096
2010/08/04 21:22:14.88,36.4405,-120.22833,6.289,3.01,ML,73,53,2,0.16,NCSN,71441501
2010/08/15 13:00:39.27,35.99983,-119.97967,7.252,2.59,Md,58,182,14,0.25,NCSN,71441490
2010/12/11 21:30:38.41,36.25617,-120.3785,10.089,2.54,Md,62,54,3,0.08,NCSN,71495590
2010/12/18 02:03:19.34,36.458,-120.56333,6.969,3.55,Mw,150,35,22,0.22,NCSN,71498265
2010/12/18 19:08:19.71,36.45567,-120.56617,8.689,3.09,ML,128,35,22,0.19,NCSN,71498550
2011/01/14 14:38:15.98,36.0175,-120.5855,4.472,2.57,Md,76,37,4,0.12,NCSN,71509920
2011/01/19 15:36:54.16,35.856,-119.99683,8.748,2.64,Md,82,46,4,0.24,NCSN,71511970
2011/02/09 20:35:55.45,36.0015,-120.5645,3.892,2.59,Md,83,38,3,0.12,NCSN,71526986
2011/02/21 09:04:18.15,35.79317,-120.34417,9.338,3.19,ML,83,38,2,0.1,NCSN,71526470
2011/02/26 11:56:03.06,36.01217,-120.574,4.491,2.74,Md,76,42,3,0.12,NCSN,71528945
2011/03/01 12:07:16.93,36.00983,-120.17284,16.333,2.78,Md,74,84,8,0.12,NCSN,71531035