Latitude,Longitude
40.003347,-82.977651
39.962289,-82.881042
39.97089,-82.92308
40.12467,-83.08566
40.06291,-82.9904
39.841742,-82.743666
40.00475,-82.97285
40.006803,-83.010442
39.93868,-83.06257
39.945828,-82.801801
39.956011,-82.794947
40.09005,-83.049538
40.11884,-82.99546
39.92511,-83.03862
39.94989,-82.931722
39.98618,-82.95337
39.95778,-82.99704
39.95229,-83.127014
39.983334,-82.98333
39.957242,-83.041982
39.95308,-83.03697
39.87498,-82.95089
39.91694,-83.01646
40.180029,-83.096703
39.86989,-83.096287
39.856639,-83.027924
39.888985,-83.069006
39.959999,-83.048546
39.9869,-83.0019
39.94313,-83.05172
39.9459,-83.0701
40.061329,-83.10276
40.02183,-82.95993
40.111217,-83.001192
40.04808,-82.90151
39.96471,-82.81841
39.937115,-82.791066
39.95478,-82.82876
40.05044,-82.81937
40.063661,-83.160886
39.931875,-82.789005
39.931875,-82.789005
40.01938,-82.98152
39.95496,-82.81913
39.972354,-82.966395
39.98122,-82.94332
39.97735,-82.95077
39.843838,-82.935257
40.03436,-82.932723
40.100189,-83.05899
40.10708,-83.034407
39.73001,-82.98628
39.62355,-83.02621
39.66877,-82.96523
39.58777,-82.95368
39.94176,-83.01101
39.94667,-82.99442
39.863472,-82.937225
39.980483,-82.83456
39.936726,-82.788934
40.080288,-82.753268
39.874172,-82.932549
40.059128,-82.944877
39.879452,-82.920807
40.03694,-82.94439
40.01696,-82.94774
39.898586,-82.765419
39.908053,-82.743487
39.94708,-82.91948
39.94904,-82.89231
39.91682,-82.90374
39.939393,-82.938362
39.952463,-82.946324
39.953375,-82.996386
39.974775,-83.002511
40.01342,-82.96133
39.898715,-82.957888
40.033283,-82.964226
39.95508,-82.81191
39.912534,-82.978805
39.91997,-82.82554
40.031183,-82.96413
39.9548,-82.97795
39.95303,-82.95773
39.948555,-82.947321
40.011388,-82.894148
39.956952,-82.98284
39.962646,-82.930748
39.94916,-82.95925
40.02076,-82.9214
39.901553,-82.824958
39.948249,-82.935603
39.95867,-82.947829
40.03179,-82.86569
40.07042,-83.01948
39.93675,-82.87863
39.91245,-83.01869
40.094249,-82.986616
39.99085,-83.02503
40.143509,-82.989898
39.98555,-82.96685
40.01516,-82.90363
39.876041,-82.862801
40.08669,-82.81801
40.075559,-83.018814
40.150289,-83.083713
39.955773,-82.77122
39.88676,-83.06953
39.829558,-83.025878
40.11767,-83.08046
40.084663,-82.945914
40.06437,-83.07493
40.11381,-83.08093
40.163315,-83.076024
39.897408,-82.764022
39.91363,-83.019774
39.904179,-82.881607
39.94254,-82.96787
39.980314,-82.836267
40.01514,-82.98146
39.943719,-82.859
40.02414,-82.866001
40.008145,-82.891845
39.93507,-82.91299
39.993404,-83.001557
39.98246,-82.99993
39.98788,-83.02562
39.98195,-82.98945
40.00579,-83.00288
39.998716,-83.003817
39.885067,-82.883209
39.98281,-82.81402
40.005958,-82.867515
39.95459,-82.84165
39.94252,-82.83137
39.945335,-82.877803
40.006344,-82.790648
39.952661,-82.828955
39.942733,-82.841741
39.91474,-82.96689
39.945209,-82.884569
40.06207,-82.886728
39.987554,-82.767464
39.942562,-82.83763
40.04761,-82.97565
40.05954,-82.953
40.08663,-82.96459
40.05954,-82.952899
39.963226,-82.973866
40.06491,-83.08252
39.960377,-83.119431
39.951061,-83.12072
40.03104,-82.957306
39.954959,-82.306876
39.80113,-82.99223
40.072954,-82.38324
40.082092,-82.937069
39.942552,-82.40791
40.168075,-82.552776
39.93829,-82.78529
39.955357,-82.799458
40.096037,-83.019163
40.08148,-82.96886
40.053795,-82.82746
39.853971,-82.828285
40.006191,-82.867455
40.035686,-82.829758
39.752516,-82.583582
39.96702,-82.9846
39.96653,-82.98761
39.96202,-82.982409
39.954514,-82.876971
39.95547,-82.87685
39.972448,-83.04584
39.96294,-82.99435
39.98291,-83.00468
40.145777,-82.704743
39.99381,-82.98449
40.146907,-82.702518
39.854305,-82.900322
40.092422,-82.925446
39.94806,-82.93717
39.94327,-82.920935
40.1261,-83.08998
40.035,-83.0414
39.98507,-83.022
40.06823,-83.105103
40.03953,-82.97728
40.010651,-82.989027
39.926029,-82.831323
39.89988,-82.88208
39.89268,-82.84001
39.92977,-82.87873
39.970524,-82.757439
39.97633,-82.927018
39.981,-82.92757
39.95629,-82.80572
39.95598,-83.05285
39.95217,-82.98253
39.95643,-82.7721
39.871441,-82.885201
39.9554,-82.795175
39.95517,-82.80521
40.090374,-82.793538
40.082702,-82.80831
39.984505,-83.122955
39.947198,-82.846155
39.99745,-82.99889
39.910143,-82.778377
40.085632,-82.895348
39.892811,-82.867897
40.10321,-82.98836
40.01224,-82.97913
40.01135,-82.9729
39.955259,-82.978946
40.005133,-82.972657
40.231987,-82.47291
39.988976,-82.52542
39.95917,-82.599113
40.05722,-82.51553
40.03281,-82.89515
40.01492,-82.86681
40.049019,-83.095268
39.95718,-82.92852
40.099819,-83.109062
39.87056,-82.855263
39.955427,-82.876899
40.009511,-82.86587
39.925398,-82.785929
40.010531,-82.987401
40.07987,-82.9879
40.006288,-82.971915
39.91468,-82.91179
39.91997,-82.80296
39.92127,-82.882346
39.903287,-82.774901
40.05899,-83.04934
39.970336,-83.019583
40.0578,-82.91825
40.04982,-82.9144
40.062614,-83.019466
39.99225,-82.94986
40.081944,-82.916222
40.085762,-83.109985
39.94105,-82.99653
39.94598,-82.94424
39.940833,-82.977227
39.94121,-82.97785
40.06147,-82.95295
40.08388,-82.97493
40.07944,-82.95149
40.05393,-82.96263
40.06091,-82.99481
40.10295,-83.01175
39.966485,-82.913921
40.02274,-82.96474
40.06437,-83.07493
40.081861,-83.095686
39.993555,-82.834564
40.068192,-83.105026
40.0289,-83.0022
39.9093,-82.765957
39.908278,-82.747394
39.657397,-82.71643
39.94077,-82.79191
40.10218,-82.92514
39.861877,-82.925377
39.92226,-83.08432
39.95478,-82.82876
39.91453,-83.019163
39.908255,-82.759709
40.07687,-82.97605
40.115299,-82.974958
39.93807,-82.822
39.95851,-83.075
40.08367,-82.99134
39.9139,-82.951737
39.882221,-83.000744
39.970462,-82.927615
39.992636,-82.995867
40.0567,-83.07404
40.00319,-83.00867
40.07569,-83.13561
39.98444,-83.0294
39.932606,-82.828933
39.96282,-82.949669
39.91927,-83.12863
40.056222,-82.885073
39.99795,-83.00763
40.02272,-82.99623
40.031692,-82.865445
39.93037,-83.07327
39.94344,-82.853653
39.98113,-82.83312
39.95328,-82.83654
39.852608,-82.938499
39.845066,-82.940224
40.019367,-82.793449
40.044056,-82.809158
39.94314,-83.03768
39.9667,-83.09508
40.013009,-83.002307
40.109923,-83.016822
40.021675,-83.013246
40.03317,-83.00035
40.184183,-83.101925
40.07688,-82.97606
40.195873,-83.096327
40.051437,-82.55066
40.000268,-82.40448
40.159283,-83.078141
40.110501,-83.073817
40.078971,-82.865296
40.091663,-82.830996
39.965752,-83.046849
40.108445,-82.967276
40.110877,-82.992583
39.903741,-82.902162
39.984974,-82.857338
39.93096,-82.830763
39.97509,-83.10336
39.991026,-82.98532
39.944843,-83.012932
39.972286,-82.983727
39.978645,-82.990166
39.996136,-82.931694
39.97318,-83.01407
39.973248,-83.007286
39.973358,-83.007347
39.997711,-83.032875
40.095639,-82.983264
40.105672,-82.73276
39.997711,-83.032936
40.067792,-83.11024
40.067804,-83.110434
40.195873,-83.096327
39.95227,-82.93993
39.943072,-82.818764
40.132125,-82.614566
39.999855,-83.118118
39.952998,-82.967216
39.91793,-82.92053
40.02437,-82.99489
39.95419,-82.98931
39.95533,-83.01833
39.97998,-82.96495
39.99869,-82.98472
39.95309,-82.99888
39.95343,-82.99448
39.972096,-82.913497
39.948531,-82.931761
39.94238,-82.82839
40.139569,-82.718681
40.06876,-83.0826
39.940335,-83.1121
40.00269,-83.11324
40.01849,-83.1357
39.96719,-83.02456
39.97676,-83.13669
39.887486,-83.042099
40.098778,-82.916229
39.909191,-82.863159
39.87088,-82.836723
39.851833,-82.886497
40.00622,-82.997787
39.952183,-83.128952
40.10899,-83.016945
40.102123,-82.925133
39.60324,-82.95164
39.50074,-82.97421
39.60455,-82.83884
39.59453,-82.95453
40.052132,-82.961479
39.83968,-82.903923
40.004765,-82.867602
39.992304,-82.85589
39.852478,-83.078695
39.882197,-83.107664
39.87241,-83.053886
39.887693,-83.088893
39.93775,-82.77988
39.878801,-83.041156
39.98405,-82.82555
39.871076,-83.070309
40.057746,-82.91833
39.97621,-82.87399
39.97528,-82.88271
40.26598,-83.07354
40.057579,-82.50637
39.94423,-83.11165
40.18145,-83.08439
39.91003,-82.778471
39.931955,-82.789041
39.957066,-82.932899
40.087229,-82.488116
40.105514,-82.40469
39.94962,-82.97198
40.03064,-82.90852
39.921686,-82.921276
40.048214,-82.911367
39.966507,-83.001481
39.95727,-83.00148
39.95511,-82.99653
39.96332,-82.99105
39.96958,-83.00034
39.966164,-82.990572
39.973466,-83.004555
40.141505,-82.976718
39.97717,-83.00353
39.94806,-82.93717
39.927847,-82.879559
39.997458,-82.868262
40.085024,-82.951156
40.061456,-82.952843
40.061786,-82.970972
39.95484,-83.07517
40.067967,-82.992923
39.95515,-83.0944
40.05736,-82.89066
39.9253,-82.99555
39.954246,-83.088206
39.943381,-83.093256
39.93247,-82.99589
40.06036,-82.98103
40.019289,-82.88951
39.89187,-82.99654
39.916781,-83.005748
39.928014,-82.991504
39.96437,-82.78109
39.95515,-82.80677
39.968543,-82.941634
39.914821,-82.780222
40.000084,-82.925575
39.89817,-83.033218
39.948849,-83.110672
39.828571,-82.973007
39.97017,-82.89585
39.97324,-82.90231
39.91106,-83.069366
39.93878,-82.94387
40.006645,-82.913872
40.022754,-82.964749
40.073945,-82.821
40.086401,-82.796186
40.080241,-82.8329
39.957291,-82.68273
39.99477,-82.996193
39.83976,-83.084746
39.837166,-83.031693
40.06407,-83.08865
39.904167,-82.773399
40.01479,-82.96667
39.95948,-83.02297
39.92757,-83.09043
40.096203,-82.95598
40.10724,-82.97153
40.08754,-82.9748
39.883625,-82.777858
39.871044,-82.865257
40.019333,-82.878118
39.868542,-82.894722
39.95629,-82.80572
40.068249,-83.105125
39.90747,-82.9666
39.903414,-82.965235
39.92429,-82.99549
39.91231,-82.77932
39.97538,-82.94946
39.96469,-83.0009
40.00723,-82.97134
40.000063,-82.949223
40.02274,-82.96474
39.88916,-82.922272
39.83007,-82.934029
39.877579,-82.865128
39.861629,-82.91465
39.90913,-82.852386
39.891078,-82.748808
39.973072,-83.150009
39.877968,-82.870728
39.877098,-83.050095
40.111321,-83.002032
39.9554,-82.92615
39.959238,-82.983115
39.971225,-83.074315
39.980601,-83.150941
39.92112,-82.91993
40.0772,-83.14129
39.934021,-82.84626
39.953678,-82.963676
39.837002,-82.933327
40.231731,-82.441017
39.94845,-82.94524
40.169829,-83.089965
39.94421,-82.81677
40.078487,-82.924995
39.61176,-83.00609
39.93348,-83.08857
40.07604,-83.12935
40.07727,-82.97606
40.028999,-83.091499
39.909959,-82.740673
39.9458,-83.06127
39.932768,-82.792864
39.88531,-82.75482
39.98999,-83.05378
39.990287,-82.985597
39.98784,-82.76747
40.06246,-82.93474
39.931091,-83.143949
39.93899,-83.08974
39.93749,-83.15886
40.07687,-82.97605
40.06138,-82.99057
40.068192,-83.105087
39.94778,-82.81081
39.94758,-82.80884
40.05743,-82.90542
40.06487,-83.09317
40.02972,-82.91059
40.007452,-82.878899
40.088064,-82.99286
40.068218,-83.105095
40.09029,-82.97624
40.08195,-82.93717
40.072659,-83.10714
39.95707,-82.92623
39.98769,-82.95018
40.01376,-82.968744
39.97496,-82.81167
39.995664,-83.021605
40.23347,-82.45267
39.877583,-83.011513
39.935749,-83.04348
40.041702,-82.959785
39.997658,-83.022866
40.004213,-83.035923
39.998535,-83.00879
40.06303,-83.03749
40.026279,-82.930903
40.05558,-82.91812
39.949444,-83.12883
39.89751,-82.98506
39.927474,-82.984047
39.887414,-82.997844
39.92839,-82.99067
39.89874,-82.98767
39.77357,-82.98929
39.79073,-83.05812
40.08963,-82.894119
39.896712,-82.776939
39.929322,-82.790682
39.95614,-82.77148
39.95496,-82.81913
40.145119,-82.706278
40.09322,-82.99225
40.05658,-82.8903
40.054472,-82.890939
40.06651,-82.96226
40.07736,-82.96628
40.08328,-82.96198
40.07647,-82.96708
40.014003,-82.894052
40.00796,-82.88122
39.91757,-82.780952
39.96431,-83.00264
39.9662,-82.99046
40.037056,-82.954659
39.90451,-82.96685
39.94021,-82.85659
39.95466,-82.8385
39.94471,-82.877105
39.877913,-82.826147
40.04751,-82.9402
40.017977,-82.859744
39.944725,-83.041172
40.109322,-83.084806
40.091286,-82.820457
39.98735,-83.01212
40.04236,-82.9096
40.038776,-82.963684
39.8857,-82.877464
40.080982,-82.928474
39.945712,-82.796452
39.9431,-83.08038
39.93022,-83.12692
39.895498,-82.762637
39.946977,-82.917167
39.92821,-83.05492
39.95362,-82.90039
40.007459,-82.87755
39.927855,-82.913858
39.945131,-82.883183
39.926105,-82.883415
39.91583,-82.89353
39.931808,-82.789059
39.9385,-82.79096
40.05708,-82.90944
40.123467,-83.002695
39.96214,-82.93639
39.968212,-82.9505
40.029789,-83.091789
40.00579,-83.00288
40.009793,-82.998072
40.003601,-83.007805
40.0313,-82.96403
39.893127,-82.883202
39.91082,-82.80382
40.15326,-82.68599
39.91153,-82.80683
40.147241,-82.700149
40.118054,-82.995516
39.907412,-82.964962
39.93656,-83.14962
39.97822,-83.06087
40.018462,-82.870969
39.952617,-82.923872
39.92438,-82.92143
39.9302,-82.87918
39.9209,-82.84596
39.911582,-82.928269
39.935575,-83.009878
39.97133,-82.9196
39.976677,-82.913148
39.977351,-82.843358
39.938168,-82.996523
40.00005,-82.94928
40.14817,-82.97053
39.972043,-82.990548
40.030769,-82.957703
40.037361,-82.962387
39.874493,-82.998863
40.045895,-82.946846
39.952946,-83.124207
39.878075,-83.012604
39.950134,-83.175713
39.956394,-83.138145
39.921001,-83.061394
39.94779,-82.98271
39.94382,-82.9734
39.93944,-83.00555
40.038593,-82.960785
40.050129,-82.962677
39.858093,-82.900383
39.77074,-82.92976
39.58216,-82.94057
39.57222,-82.95235
39.79354,-82.94783
39.64944,-83.10795
39.609116,-82.941692
40.106628,-83.016815
40.106618,-82.998019
40.09941,-83.01746
40.081024,-82.928497
39.95815,-82.8821
39.95465,-82.87663
39.889213,-83.069003
39.841137,-83.090792
39.898309,-83.080071
39.878451,-83.049724
39.901442,-83.07779
39.87811,-83.05479
39.883512,-83.092312
39.897406,-82.892875
40.158775,-83.071777
40.056311,-82.998691
39.60413,-82.943886
39.885345,-82.876411
40.193258,-83.096146
40.15765,-83.06382
40.013939,-82.974061
40.145568,-83.080508
40.01489,-82.99495
40.049264,-82.913945
39.98558,-82.939807
39.98644,-82.98122
40.00734,-82.97108
40.0016,-82.9544
39.93697,-82.78739
40.063457,-83.059706
40.05534,-83.05252
39.95273,-83.06305
39.9613,-83.07585
39.96298,-82.94864
39.929382,-82.788424
39.97427,-82.89812
40.019417,-82.891081
39.956061,-82.897072
39.89163,-82.99135
39.907521,-82.966386
39.951028,-82.911812
39.93094,-82.977137
40.03588,-82.97062
39.98316,-82.81015
40.03088,-82.99367
39.99922,-82.91282
40.042194,-82.960426
39.980894,-82.872432
39.95666,-82.876702
40.095112,-82.910767
40.004879,-82.780426
40.089273,-82.741894
39.983688,-83.228783
39.905426,-82.894615
39.951954,-83.146339
40.157,-83.012979
40.16271,-83.037023
39.87096,-82.855782
40.248494,-83.032163
39.99575,-83.00721
40.063267,-82.998749
39.9376,-82.78768
40.069318,-82.862632
40.056587,-82.891776
39.63474,-82.97796
39.9512,-83.06517
40.06641,-82.99911
40.079453,-82.951494
40.141975,-82.986198
40.08754,-82.98274
40.231316,-82.466015
40.172566,-83.090353
39.907225,-82.776188
39.975588,-82.913302
39.976325,-82.913156
40.01489,-82.99495
40.01114,-82.96894
39.936973,-82.787388
39.94249,-83.09748
39.9503,-83.01716
39.99271,-82.83987
39.95663,-82.93369
40.03789,-82.97771
40.013238,-82.994273
40.04272,-82.92955
39.98111,-82.872261
39.870979,-82.869507
39.942043,-83.073286
39.954344,-83.06891
39.95349,-83.06889
39.96224,-83.09268
39.975753,-83.022628
39.95544,-83.01725
39.95998,-82.99572
39.831909,-83.000252
39.947033,-82.83198
39.93899,-82.78507
39.820637,-83.147316
39.900008,-83.079027
40.03297,-82.911
39.54541,-82.81608
39.78938,-83.075
39.77132,-82.93996
39.99145,-83.0407
39.99784,-83.02634
40.06365,-82.99833
39.98631,-82.91421
39.93544,-82.98236
39.9153,-82.8635
40.092812,-83.015747
39.89513,-82.883133
39.864414,-82.820312
39.91186,-82.86459
39.837341,-82.933586
39.91605,-82.80921
39.91085,-82.82419
39.93281,-82.83075
39.93102,-82.83084
40.06044,-82.97092
39.993275,-83.014207
39.907967,-82.883095
40.012307,-82.867102
40.003296,-82.861154
39.926983,-82.764548
39.841742,-82.743666
39.683839,-82.676938
40.01795,-82.9506
39.96796,-82.99893
39.880869,-83.067284
39.86432,-83.0524
39.839659,-82.788419
39.895343,-83.082222
39.908278,-82.747394
39.686696,-82.608236
39.85586,-82.82816
39.935979,-82.886062
40.055283,-83.097466
39.993857,-82.983813
39.900661,-82.884949
39.889168,-82.922272
39.98285,-82.81738
39.98238,-82.8175
39.97759,-82.86088
39.94308,-82.85016
39.94287,-82.85248
39.973591,-83.016404
40.0552,-82.86408
39.97217,-83.004168
40.09945,-83.0912
39.95056,-82.83879
39.9341,-82.83634
39.94703,-82.85294
39.941516,-82.854146
39.937494,-82.87838
39.933291,-82.835861
39.944743,-82.878364
39.984171,-82.814686
40.058596,-82.910393
39.944293,-82.86895
39.94523,-82.8855
39.94636,-82.86858
39.97735,-82.84335
39.97931,-82.84357
39.9776,-82.8609
39.94315,-82.84929
39.97759,-82.86089
39.98285,-82.81333
40.004746,-82.867609
39.938669,-83.095143
39.9335,-82.99594
40.01479,-82.98973
39.906422,-82.862358
39.96268,-82.96904
39.94599,-82.90585
39.97242,-82.90957
39.98033,-82.83127
39.94828,-83.048265
39.97833,-82.85254
39.9747,-82.87927
39.979697,-82.843502
39.978786,-82.848212
39.97931,-82.84357
39.931826,-82.788913
40.098793,-82.925171
40.110556,-82.949155
39.99873,-83.035637
40.041821,-82.960686
39.98641,-82.9328
39.96911,-83.00194
39.94254,-82.96784
39.94538,-82.9433
39.912216,-82.861015
40.088166,-82.76675
40.269217,-82.857589
39.72019,-83.01711
39.56764,-82.95436
39.72115,-83.01951
40.066492,-82.827318
39.958918,-82.68263
40.017158,-82.52419
40.153636,-82.61286
39.998614,-82.86887
40.22982,-82.45613
39.975952,-82.5984
39.83968,-82.903923
40.079532,-82.766727
40.195766,-83.093689
40.022827,-83.091599
39.877403,-82.86441
39.67613,-82.83532
39.55031,-82.93162
40.200373,-83.085591
40.138543,-83.036722
40.179031,-83.003466
40.197522,-83.136305
40.249415,-82.858488
40.123741,-82.972714
39.964906,-83.028183
39.972984,-83.01497
39.994202,-82.934353
39.966036,-83.057969
39.977968,-82.984401
40.079683,-82.66838
39.870831,-82.855598
40.189002,-82.982339
40.140833,-82.56385
39.960314,-82.68232
40.06134,-82.60133
40.079089,-82.694828
40.03717,-82.97976
40.082134,-82.900803
39.9362,-82.98112
40.02406,-82.61282
40.179681,-82.739128
39.945927,-82.68275
39.950825,-83.139656
39.99548,-83.20224
40.035778,-82.788261
40.018109,-82.624019
40.120765,-82.762216
40.120544,-82.76189
39.956207,-82.74341
39.957674,-82.549247
40.080928,-82.74402
40.11929,-82.673636
39.933894,-82.830495
39.95549,-82.838411
39.881368,-82.981389
39.979299,-82.839427
39.92783,-82.83167
39.9471,-82.91948
39.98131,-82.82683
39.8919,-82.90857
39.94996,-82.88718
40.033439,-82.910112
39.93675,-82.78886
39.909741,-82.778456
39.95496,-82.81913
40.103883,-83.074634
39.94034,-82.83005
40.105333,-82.974641
39.868118,-82.93502
40.08482,-82.93055
40.13989,-82.977683
39.936605,-82.784004
39.95189,-83.13555
40.04999,-82.953729
39.90927,-82.82271
39.89463,-82.84983
39.92757,-83.09043
39.916192,-83.03623
39.92737,-83.0562
39.95891,-83.02924
39.94138,-83.12967
39.871662,-82.934837
40.01014,-82.96663
40.06266,-83.0387
39.867043,-82.933212
39.869537,-82.940323
39.870731,-82.934258
40.060768,-82.984933
40.13534,-82.97126
39.994715,-83.118872
40.068862,-82.81139
40.003141,-83.021026
39.998237,-83.045037
39.862756,-83.007103
39.77844,-82.98848
39.61269,-82.94873
39.60276,-82.92258
39.55736,-82.95757
39.952759,-83.121506
40.08497,-83.03518
40.088053,-83.018063
39.8829,-83.046898
40.009319,-82.90918
40.07279,-83.10434
39.873714,-82.928978
39.98273,-82.81401
39.943545,-82.915412
39.941413,-82.872391
39.934464,-82.841189
40.05824,-82.903994
40.0799,-82.87739
39.95509,-82.80684
39.933522,-82.789093
39.930506,-82.96474
39.881743,-82.987742
39.90489,-82.94238
39.94803,-82.94055
39.94758,-82.68245
40.065755,-82.522023
40.058209,-82.502753
40.070102,-82.516513
40.05584,-82.4821
39.940376,-82.40834
40.067691,-82.516591
40.066585,-82.518067
40.057379,-82.52117
40.063517,-82.520599
40.056808,-82.894892
39.94387,-82.784124
40.018731,-82.885818
39.910867,-82.796424
39.910193,-82.782244
39.993042,-83.027328
39.986901,-82.999556
40.00471,-83.00324
39.99018,-83.00611
40.020419,-82.866482
40.038792,-82.864613
40.071715,-82.978124
39.890175,-82.862923
39.96888,-83.0223
39.94246,-83.09838
39.972932,-83.146441
39.959137,-83.075239
39.95337,-83.06551
39.936668,-82.786128
39.972621,-82.793412
40.06437,-83.07493
39.93675,-82.87863
40.102065,-83.090576
39.985497,-82.80573
40.03248,-83.03126
40.02281,-83.00171
39.93775,-82.77988
40.030041,-83.092087
40.08818,-82.92669
40.01237,-83.01093
40.01542,-83.00626
40.08413,-82.98752
40.06344,-83.04701
40.01391,-83.0112
40.01634,-83.02313
40.0244,-83.00161
40.00707,-83.00943
40.02251,-83.01044
40.00606,-83.00923
40.02385,-83.00754
40.14924,-82.97297
40.14832,-82.97502
40.14807,-82.96764
40.13576,-82.99181
39.99155,-83.00489
39.95478,-82.82876
39.918979,-82.781662
39.95517,-82.80521
40.08717,-82.97529
39.858207,-82.827897
39.746868,-82.652573
39.846168,-82.781476
39.95923,-82.87611
40.02859,-82.96424
39.936528,-82.818573
39.95323,-82.99621
39.95158,-82.98886
39.990512,-82.85687
40.08618,-82.95658
39.95467,-82.9818
40.032241,-82.982894
40.082241,-82.895729
39.99984,-83.00372
40.089249,-82.919968
40.00958,-82.96729
39.95496,-83.07392
39.97759,-82.91304
39.981804,-82.941568
39.93907,-82.9832
39.956863,-82.87664
39.94683,-83.01428
39.911638,-82.999143
40.001783,-83.116527
39.94874,-83.0249
40.01198,-83.02218
39.999708,-83.001224
40.03692,-82.92289
40.05785,-82.91814
40.073437,-83.107513
39.94711,-83.04915
39.97037,-82.99039
39.984008,-83.019082
39.998757,-83.004311
40.01448,-83.011333
39.994327,-82.996324
40.048169,-82.915311
39.851086,-82.882843
40.013878,-82.901482
39.813263,-83.18644
40.01115,-82.905487
39.908898,-82.733358
39.846168,-82.781476
39.878342,-82.922028
40.105171,-82.947456
39.952637,-83.122543
39.811096,-82.964928
40.045219,-82.963364
39.90456,-83.167084
39.82449,-82.947334
39.895729,-83.026733
40.032532,-82.957588
40.037304,-82.962364
39.996807,-83.034561
39.95301,-83.11543
39.95322,-83.11022
39.92567,-83.05767
39.93303,-83.04703
39.94144,-83.03909
39.936779,-82.831049
40.08932,-83.03496
40.11133,-83.02615
39.954913,-82.823172
40.089481,-83.035101
40.07974,-83.01857
40.079558,-82.766783
39.718358,-82.42547
40.086649,-82.80896
40.087551,-82.799579
40.06747,-82.94891
40.061024,-82.977391
39.77354,-82.98905
39.53336,-83.01546
39.61279,-82.94878
39.64651,-82.95713
40.089943,-82.894012
40.0091,-83.00991
40.103619,-82.874985
40.04859,-82.9998
40.053595,-83.019986
40.045268,-83.019397
40.05199,-83.03353
39.909574,-82.778184
40.06006,-82.98567
39.878671,-83.051539
39.871998,-82.933517
39.899803,-83.079068
39.899733,-83.068361
39.873953,-83.068042
39.884743,-83.069362
40.01821,-82.89388
39.91458,-82.87213
39.868074,-83.058364
39.95496,-82.81913
40.07528,-82.855731
40.014417,-83.032611
39.936933,-82.881779
40.027317,-82.993794
39.955067,-82.986963
39.97664,-82.983538
39.953303,-83.005516
40.110673,-82.987541
39.98412,-83.02219
40.08769,-82.9874
39.901143,-82.899899
39.900785,-82.897343
39.932274,-82.905282
39.938792,-82.84849
39.948178,-83.015299
39.967826,-83.061197
40.002155,-83.116549
39.955341,-82.97922
39.935278,-82.935161
39.935248,-82.935185
39.91576,-82.948701
39.95312,-82.99852
39.97134,-82.98776
39.91742,-83.01327
39.88935,-82.8831
39.94683,-83.01428
39.97569,-82.99977
40.0241,-82.99495
39.95467,-82.98225
39.97182,-82.98844
39.9512,-83.01659
40.0582,-82.92264
40.06382,-83.05972
40.113949,-83.014307
40.08572,-82.93808
40.12292,-83.00086
40.104957,-82.974603
40.041737,-83.094376
39.99087,-83.02595
39.992485,-83.006537
39.987924,-83.027896
40.035528,-82.89843
40.02996,-82.9735
39.792877,-82.697378
39.93682,-82.82987
39.93844,-82.83023
39.981163,-83.231735
39.880466,-83.017532
40.11219,-83.029472
39.935307,-83.037697
39.955322,-83.145676
40.000362,-82.810448
40.08848,-83.09198
39.843887,-82.935684
39.9512,-82.99852
40.045055,-82.963104
40.037357,-82.961838
40.037228,-82.958549
40.066908,-82.523636
40.088069,-82.851633
40.0582,-82.92264
39.952,-83.12133
40.00636,-83.03075
39.98556,-83.01273
40.069501,-82.81125
39.852409,-82.938538
40.082892,-82.81788
40.095354,-82.71251
39.97922,-83.003032
40.05941,-82.94033
40.111292,-83.00307
39.95155,-83.143143
39.978527,-83.187347
40.148238,-83.09316
39.63017,-82.9551
39.75478,-83.1638
40.016659,-82.888619
40.253447,-83.077739
39.95526,-82.80272
40.036499,-83.093292
39.95393,-83.09722
40.052032,-83.095695
39.99272,-82.83987
39.97538,-82.839
39.857052,-82.903862
40.042862,-83.094513
39.91231,-82.779324
40.018669,-82.889198
40.004658,-82.867619
39.91646,-83.03555
39.9382,-82.98096
39.94372,-82.96934
40.060893,-82.98263
40.053977,-82.967277
40.08193,-82.98794
39.86211,-82.837662
39.894173,-83.042801
40.02338,-82.934494
39.972243,-82.912062
39.939587,-83.118828
39.941807,-83.128311
39.977763,-82.953553
39.984382,-82.984831
39.97703,-82.957758
39.997642,-82.984862
39.973583,-83.015076
40.054546,-82.841843
39.95997,-82.96518
39.9481,-82.93882
39.952591,-83.123703
39.878639,-83.047667
39.998947,-83.185448
40.057535,-82.910176
40.04703,-82.89417
40.014949,-82.975304
39.87595,-83.005096
39.884552,-83.027748
39.862202,-82.951622
39.88092,-83.05346
39.65329,-82.92419
39.888803,-82.758572
40.145882,-82.704593
40.027531,-83.090866
40.09901,-82.94489
40.141481,-82.714315
39.93611,-82.88614
40.004138,-82.984452
40.028411,-82.994048
39.977279,-82.982266
39.9554,-82.795175
39.98411,-83.02193
39.980233,-83.118233
39.998875,-82.984693
39.96186,-83.00377
39.953353,-83.004868
39.953611,-82.968157
40.06132,-82.9925
39.972971,-82.983686
40.107074,-83.017719
40.108125,-82.826605
39.934539,-82.789427
40.089878,-82.90921
39.883697,-82.777304
40.059273,-82.93705
40.09,-82.82
40.078442,-82.928032
39.95294,-82.99885
39.95971,-82.98629
39.843227,-82.905334
40.0313,-82.96403
39.865307,-82.921661
39.93385,-82.78927
39.934331,-82.789367
39.95381,-83.05269
39.929808,-83.116766
39.935943,-83.080775
40.01029,-83.11918
39.954161,-82.989274
40.063497,-83.048578
40.124065,-83.083925
40.084361,-83.035155
40.05605,-83.071977
39.97301,-83.01437
40.0625,-83.0195
40.052846,-83.032225
40.047631,-83.020366
40.040623,-83.031316
39.897415,-82.872353
39.98097,-83.00074
39.94935,-83.02263
39.94894,-83.0626
39.96035,-83.04149
39.95778,-83.02572
39.891209,-83.036446
39.838941,-83.073292
39.974476,-83.140747
40.099003,-82.917313
40.042538,-82.787613
39.831547,-82.965637
39.831013,-82.950691
39.59381,-82.94417
39.95823,-83.03227
39.852306,-82.887718
39.770163,-82.639422
39.85119,-82.82854
39.99085,-83.02503
39.9863,-83.0019
39.80735,-82.953659
40.05341,-82.96953
39.868195,-82.894447
40.173941,-82.992048
40.239985,-83.032273
39.987446,-83.015513
39.982702,-83.022421
39.99195,-83.04513
40.17493,-83.016585
40.261908,-82.892088
40.266185,-82.921917
40.174694,-83.010463
40.142144,-82.969572
40.053437,-82.843205
40.13733,-83.0171
40.025413,-82.895789
40.091524,-82.79517
39.97589,-82.93223
39.892531,-82.826982
39.924934,-82.842114
40.10374,-82.9761
40.0005,-82.98588
40.148437,-82.971013
40.060425,-83.088036
40.035091,-82.96357
40.071453,-83.137508
40.11649,-83.03497
40.09954,-83.0912
40.03517,-83.04298
40.007405,-82.975068
39.97421,-82.96255
39.9758,-83.00121
39.972159,-83.016006
39.950759,-82.977546
40.080636,-82.980776
40.05954,-82.953
39.948778,-83.03767
39.95517,-82.80521
39.87808,-83.0535
39.87242,-83.0598
39.980264,-82.836203
39.979306,-82.844289
40.030369,-82.851318
40.095287,-82.910645
40.016567,-82.832062
39.9554,-82.795175
39.995434,-82.810715
39.889198,-83.034157
40.088791,-83.018089
39.956871,-83.119247
40.082485,-82.902779
40.089459,-83.035296
40.193452,-83.094921
40.062273,-82.83056
39.978168,-83.173866
39.906139,-82.894409
39.844864,-83.213577
40.28438,-82.929557
39.95629,-82.80572
39.895386,-83.081633
39.990245,-82.842123
40.00392,-83.012607
40.145058,-82.706339
40.04177,-82.90228
40.14312,-82.98932
40.106785,-82.955793
39.60268,-82.95243
39.63077,-82.96041
40.264893,-83.06824
39.94617,-82.80849
39.891399,-82.746701
40.056133,-82.944611
40.041681,-82.929839
39.942946,-82.793815
39.9554,-82.795175
39.945753,-82.798492
39.957205,-82.940022
40.01876,-82.885042
40.088245,-82.930305
39.92113,-83.12395
39.91485,-83.14659
39.8708,-82.855507
39.9062,-82.864502
39.906631,-82.881317
40.05259,-83.04222
39.96252,-82.99798
39.964289,-82.98275
39.96008,-82.99165
39.94913,-82.84503
39.96047,-83.08708
39.94658,-83.06868
39.95629,-82.80572
39.605591,-82.943161
39.602263,-82.942017
40.0831,-82.941301
40.0725,-82.96248
39.94712,-82.99773
39.944921,-82.864067
40.136607,-82.69548
39.914764,-82.779934
40.139046,-82.929003
40.14956,-82.922149
40.123917,-83.092964
40.094774,-83.137144
40.095505,-83.108101
39.984687,-83.178981
40.085662,-83.122776
40.120757,-82.92935
40.13296,-82.97077
40.098664,-83.134916
40.119527,-83.094184
40.106806,-83.160113
40.09889,-83.15013
40.0978,-83.1375
40.08651,-83.15804
40.137169,-83.147525
40.100225,-83.131004
40.0989,-83.1434
40.126235,-82.9292
40.100734,-83.159441
40.124864,-82.93161
40.1469,-82.92387
40.110833,-82.94799
40.132141,-82.902751
40.062179,-83.137915
40.03395,-83.121434
40.041428,-83.131443
40.044382,-83.157771
40.034285,-83.139246
40.059069,-83.147654
40.023996,-83.16038
40.031026,-83.110129
40.029677,-83.186144
40.032873,-83.169934
40.019883,-83.141606
40.038488,-83.140055
40.032467,-83.131294
40.022858,-83.121773
40.017536,-83.158184
40.033035,-83.176099
40.029868,-83.161026
40.032163,-83.160783
40.033183,-83.123832
40.028509,-83.099805
40.031742,-83.140015
39.97302,-83.04576
39.97489,-83.0459
39.67895,-82.604647
40.000272,-82.653828
39.7397,-82.50318
39.932475,-82.854943
40.2654,-82.908666
40.181005,-83.021421
39.56497,-82.907839
40.215333,-83.062814
40.007122,-82.993595
39.977269,-83.262414
39.975419,-83.267704
40.153228,-82.51989
40.058084,-82.338181
40.111421,-83.004947
40.157279,-83.030717
40.175478,-82.843494
40.157856,-82.946308
40.109869,-83.179975
39.837147,-82.755551
39.700687,-82.42701
39.942337,-82.516063
39.984699,-82.507424
40.232435,-82.928885
40.197991,-82.991686
39.56674,-82.954944
40.156902,-83.018497
40.221601,-83.035036
40.197772,-82.980637
40.220216,-83.096302
39.71817,-82.453048
40.026134,-82.563356
39.890897,-83.036916
40.113141,-83.016639
39.772529,-82.682556
39.890868,-82.496843
40.007122,-82.993595
39.906436,-82.376802
39.664434,-82.56131
39.782434,-82.825274
40.015241,-82.643358
39.94333,-82.479953
40.118306,-82.637074
39.944775,-82.67963
39.938953,-82.316411
40.103224,-82.938615
39.722691,-82.920146
39.536643,-82.966894
39.998047,-82.984704
40.084407,-83.284046
40.219318,-83.174786
39.833522,-82.405625
39.960702,-82.682307
39.805847,-83.182509
39.618689,-83.017889
39.802274,-83.211212
39.803803,-82.305599
39.834291,-82.424889
39.458135,-82.928007
40.204344,-83.189263
40.165194,-82.965192
40.227645,-82.980196
39.619804,-82.950514
39.980212,-83.251402
40.183659,-82.973519
40.173911,-82.992017
40.237968,-82.9627
40.238804,-82.962486
40.256811,-82.928328
39.599961,-82.94369
40.233359,-83.042973
40.266488,-82.928524
40.153138,-83.018199
40.265826,-82.921765
39.745211,-82.988413
39.556527,-83.003016
39.768495,-82.690807
39.915937,-82.552965
39.856265,-82.821834
39.952194,-83.011772
40.256915,-83.017774
40.149717,-82.955066
40.053794,-82.613277
40.007122,-82.993595
39.948226,-82.674763
39.687347,-82.660504
40.137689,-83.201965
40.11147,-83.005017
39.862676,-83.027548
39.79496,-82.702249
39.81864,-82.399731
39.861809,-82.537941
39.493614,-82.921213
40.183848,-82.957122
40.216864,-83.10689
40.161602,-82.967047
39.898355,-82.408279
39.771875,-82.68182
40.19628,-83.027987
40.195114,-83.027332
40.194614,-83.02735
39.976133,-83.26534
39.771252,-82.94934
39.440937,-82.96724
39.71887,-82.98666
40.156923,-83.226178
39.99518,-83.01775
40.259067,-83.065391
39.849541,-82.800425
39.646669,-82.800448
39.717661,-82.670622
39.696331,-83.113337
39.528956,-82.847801
40.134155,-82.502049
39.862359,-82.838828
39.901469,-82.602933
39.746169,-82.431261
39.898887,-82.542786
39.979245,-83.254798
40.089394,-83.255845
40.216468,-82.984597
40.15284,-83.018171
40.153029,-83.123524
40.157257,-83.011113
39.81985,-83.171995
40.112183,-83.034535
40.112192,-83.034113
40.263135,-82.895311
40.190821,-83.026164
39.629544,-82.954881
40.266701,-82.934584
40.0,-82.9945
40.211345,-83.133265
40.061655,-82.593876
39.946961,-82.650423
39.948238,-82.67501
39.942848,-82.480101
39.94962,-82.696087
39.950398,-82.388985
39.944703,-82.420361
39.942528,-82.383568
40.170591,-83.020397
39.820134,-83.171853
39.673587,-82.968221
40.188082,-83.025466
40.266063,-82.92218
40.26618,-82.921918
40.264594,-82.894664
40.197476,-83.136278
39.962998,-82.999485
40.111266,-83.001139
40.112059,-83.031731
40.059431,-82.644194
39.940159,-82.376232
40.084556,-82.606212
40.045841,-82.564134
40.076316,-82.666785
39.740749,-82.885628
39.971666,-83.281214
39.67044,-82.966097
39.672423,-82.874398
39.895881,-82.485619
39.749994,-82.649124
39.640618,-82.556099
39.625906,-82.716094
39.98818,-82.525409
39.949835,-82.705586
40.198412,-82.989968
39.736738,-82.589326
39.668233,-82.612861
39.902275,-82.81374
39.714902,-82.692877
39.887753,-82.432526
39.811644,-82.570679
39.844424,-82.784413
39.946159,-83.253381
40.18289,-82.948682
40.229688,-83.132024
39.807389,-83.200194
40.226711,-83.095379
40.161695,-83.01929
40.14606,-83.042231
40.16167,-83.01928
40.072532,-82.603854
39.94709,-82.649203
39.734687,-82.502536
39.77003,-82.645238
40.06605,-83.020906
39.886364,-82.326517
40.252546,-83.060789
39.80814,-82.99518
40.16165,-83.0193
40.266507,-82.928483
40.18307,-82.964972
40.197578,-83.135851
40.148893,-83.043383
40.215972,-83.08491
40.143777,-83.039912
40.191629,-82.943649
40.242192,-82.928395
39.800906,-82.992278
39.802535,-83.170026
39.831184,-83.108413
40.257579,-82.92848
40.166124,-82.807071
40.290258,-82.925427
40.175156,-83.043762
40.159248,-83.103887
40.173288,-82.978207
40.212529,-82.556855
39.786179,-82.691727
39.649442,-82.834382
40.11259,-83.031731
39.943489,-82.853599
40.068945,-83.013419
40.174185,-82.99472
40.184175,-83.065692
40.190904,-83.051172
39.464858,-82.954772
39.745014,-82.646807
39.81101,-82.555346
39.74161,-82.556182
39.745856,-82.501865
40.19966,-82.934063
40.161359,-82.992765
40.190304,-83.026057
40.058953,-82.531601
39.940324,-82.348827
39.940433,-82.680798
40.10538,-82.35673
40.109219,-83.189613
40.107533,-83.173364
39.948022,-82.672643
39.948152,-82.67081
39.95397,-83.094692
40.02603,-83.036082
39.871797,-82.856687
40.171163,-82.648275
39.915066,-82.399405
39.63227,-82.552925
40.057002,-82.514352
40.057002,-82.514352
39.969459,-82.62692
39.796464,-83.153629
39.769777,-82.989464
40.256006,-83.063444
40.226584,-83.006921
40.28715,-83.012875
40.001,-82.9893
39.531911,-82.840906
40.235534,-82.928518
40.267309,-82.944449
40.156228,-82.947513
40.249399,-82.858737
40.267369,-82.930852
39.595476,-82.954643
39.908249,-82.747976
39.63227,-82.552925
39.667796,-82.601829
39.602922,-82.950893
39.905993,-82.377434
39.76443,-82.543904
39.827229,-82.721086
40.110913,-83.059831
39.80697,-83.170786
40.163456,-83.019478
40.190574,-82.941132
40.167297,-82.963165
40.25722,-83.06402
40.263496,-82.928008
39.950464,-82.720492
39.860618,-83.247595
40.045694,-83.296596
39.542325,-82.848698
40.014867,-83.305714
40.266486,-82.928642
40.26618,-82.921918
40.104391,-83.235257
40.111522,-83.398179
40.238638,-82.959234
39.95702,-82.709778
40.074196,-82.35448
40.267095,-82.930793
39.963187,-83.256317
39.951632,-82.74324
39.768878,-82.616991
39.569804,-82.890632
39.808192,-82.523899
39.652322,-82.775974
39.943995,-82.794853
40.094029,-83.086947
39.834068,-82.743103
39.768741,-82.739872
40.077803,-82.666588
40.101761,-82.362294
40.153895,-83.122667
39.924394,-82.869797
39.980394,-83.250029
40.106759,-82.956442
40.22675,-82.929709
40.18293,-82.960537
40.22074,-82.92984
40.144711,-83.017133
40.174879,-83.020758
40.265805,-82.922081
40.285718,-82.925556
40.200117,-83.030147
39.804781,-83.177696
39.794995,-82.702065
39.713866,-82.606401
39.706427,-82.62704
40.023147,-83.059251
39.972142,-82.473129
39.71309,-82.95361
39.999094,-83.075803
40.021537,-83.061543
40.1242,-83.03628
40.11146,-83.01677
39.71828,-82.9554
40.110281,-83.183373
39.72861,-82.65471
40.051647,-83.070648
39.71234,-82.59032
39.71381,-82.60395
39.73343,-82.61549
39.72449,-82.6172
39.72991,-82.61218
39.73143,-82.61486
39.713715,-82.599316
39.729996,-82.612103
39.734217,-82.609689
39.7325,-82.61054
39.814374,-82.820477
40.109807,-83.184209
39.989337,-83.05613
40.04207,-83.09409
39.716756,-82.618905
39.946017,-83.253833
40.108991,-83.278339
40.01873,-83.0574
40.005564,-83.079463
39.999482,-83.048625
39.699311,-82.595976
39.7194,-82.9546
40.037251,-82.952814
39.715493,-82.857167
40.09072,-83.25648
40.116992,-83.177244
40.107047,-83.260064
39.741942,-82.617332
39.737712,-82.569793
39.7325,-82.61055
39.71318,-82.60457
39.71414,-82.57291
39.733852,-82.661367
39.712604,-82.605713
39.715173,-82.623973
39.714439,-82.573547
39.723275,-82.596978
39.736067,-82.62937
39.71821,-82.58463
39.71384,-82.60458
39.73019,-82.61681
39.71411,-82.57366
39.7016,-82.59631
39.720888,-82.612782
39.74407,-82.633447
39.72404,-82.6044
39.715006,-82.619954
39.722686,-82.615813
39.71479,-82.597037
39.732449,-82.619419
40.026807,-83.0693
39.719405,-82.945593
39.993506,-83.060867
39.709395,-82.602144
39.714342,-82.624204
39.727886,-82.570117
40.11024,-83.18341
40.11446,-83.03508
40.12275,-83.01583
39.715274,-82.557876
39.72798,-82.595376
39.72045,-82.553669
39.714003,-82.619156
39.724448,-82.515643
39.733705,-82.669642
39.723908,-82.6009
39.713961,-82.574907
39.729995,-82.612123
39.71595,-82.5794
39.743657,-82.637656
40.090668,-83.25639
39.72616,-82.64135
39.73186,-82.6232
39.7071,-82.59394
39.715367,-82.61529
39.723156,-82.604229
39.70547,-82.6026
39.72737,-82.60983
39.724109,-82.608372
40.03102,-82.951428
40.1741,-83.2726
40.109045,-83.187348
40.08934,-83.04089
40.076933,-83.286705
39.958801,-83.293621
39.724991,-82.627448
39.71362,-82.5936
39.71997,-82.6043
39.720343,-82.617432
39.73246,-82.61941
39.723246,-82.566097
39.714336,-82.625139
39.742945,-82.638881
39.71445,-82.58124
40.118389,-83.272661
40.03719,-82.952646
40.12737,-83.03665
40.1855,-83.1736
40.119058,-83.17747
40.112228,-83.285219
40.112298,-83.39077
40.11024,-83.18354
40.16286,-83.246493
40.14243,-83.21593
40.161153,-83.231761
40.126793,-83.2791
40.015564,-83.063786
39.70331,-82.60509
39.72017,-82.62855
39.710496,-82.596303
40.112574,-83.016801
40.06397,-83.03214
40.05282,-83.06671
40.004208,-82.929718
39.723613,-82.946757
40.02859,-83.04738
40.017958,-83.048261
40.16406,-83.228708
40.107591,-83.191258
40.006919,-83.046861
39.71511,-82.60677
39.733064,-82.622778
39.71907,-82.578499
39.702212,-82.601024
39.72032,-82.61636
39.72456,-82.6186
39.739293,-82.640843
39.72444,-82.61005
40.023219,-83.059188
40.01676,-83.068666
40.01787,-83.07237
40.036133,-83.071503
40.091943,-82.426969
40.06038,-82.40383
40.099451,-82.444748
40.04631,-82.42246
40.070611,-82.428988
40.04831,-82.4212
40.046671,-82.44155
40.057526,-82.400624
39.99827,-82.70406
40.00631,-82.660227
40.01571,-82.750046
39.993868,-82.72933
40.014432,-82.733677
40.06337,-82.38601
40.08243,-82.42786
40.066013,-82.391016
40.058108,-82.446895
40.06197,-82.4123
40.044596,-82.431341
40.043169,-82.403243
40.06315,-82.3466
40.043367,-82.471449
40.05895,-82.39932
40.06037,-82.37044
40.08688,-82.41822
40.06274,-82.41863
40.04508,-82.40305
40.046957,-82.450006
40.007772,-82.761707
40.06255,-82.35568
40.06289,-82.35386
40.05938,-82.38428
40.043354,-82.471554
40.05272,-82.40467
40.070782,-82.428905
40.05319,-82.43061
40.076589,-82.428355
40.0707,-82.42895
40.041513,-82.403173
40.062599,-82.386166
40.070617,-82.429004
40.05487,-82.43023
40.093167,-82.407997
40.083878,-82.42768
40.057604,-82.440775
40.09939,-82.44095
40.09871,-82.42561
40.07505,-82.42927
40.05197,-82.44148
40.058878,-82.449069
40.076799,-82.432888
40.05818,-82.44616
40.058,-82.40627
40.05948,-82.39165
40.086319,-82.417839
40.07334,-82.4283
40.05007,-82.43669
39.992299,-82.739961
39.98804,-82.76617
40.015666,-82.750005
40.004209,-82.668224
40.02672,-82.73164
40.015268,-82.727494
40.004274,-82.763288
39.990912,-82.748562
39.987754,-82.76876
39.992154,-82.751601
40.00249,-82.67471
40.024437,-82.687426
40.05827,-82.44479
40.08155,-82.427987
40.063321,-82.42949
40.05901,-82.42988
40.06845,-82.42906
40.046471,-82.43111
40.067484,-82.38555
40.046152,-82.4535
39.99827,-82.70406
39.997515,-82.729039
